Код суда,название,адрес,телефоны,месторасположение,ссылка,комментарий
01-000-03-01,Брестский областной суд,"г.Брест, пр.Машерова, 8",375162935755,"52.086457, 23.680605",http://court.gov.by/ru/brestskij/oblastnoj/sud/,
01-000-03-02,Экономический суд Брестской области,"г.Брест, ул.Веры Хоружей, 8",375162205213,"52.086983, 23.681561",http://court.gov.by/ru/ekonomicheskij_sud_brestskoj_oblasti/,
01-001-03-01,суд Брестского района,"г.Брест, ул.Красногвардейская, 4/1",375162574912,"52.105690, 23.678119",http://brest.brest-region.gov.by/index.php?option=com_content&view=article&id=50564&Itemid=3516&lang=ru,"Берасьце, раённы"
01-002-03-01,суд Ленинского района г. Бреста,"г.Брест, пр.Машерова, 8","375162935800 375162935801","52.086378, 23.680651",https://city-brest.gov.by/%d1%81%d1%83%d0%b4-%d0%bb%d0%b5%d0%bd%d0%b8%d0%bd%d1%81%d0%ba%d0%be%d0%b3%d0%be-%d1%80%d0%b0%d0%b9%d0%be%d0%bd%d0%b0-%d0%b3-%d0%b1%d1%80%d0%b5%d1%81%d1%82%d0%b0/,"Берасьце, Ленінскі"
01-002-03-02,суд Московского района г. Бреста,"г.Брест, пр.Машерова, 8","375162935786 375162935771","52.088785, 23.705750",https://city-brest.gov.by/%d1%81%d1%83%d0%b4-%d0%bc%d0%be%d1%81%d0%ba%d0%be%d0%b2%d1%81%d0%ba%d0%be%d0%b3%d0%be-%d1%80%d0%b0%d0%b9%d0%be%d0%bd%d0%b0-%d0%b3-%d0%b1%d1%80%d0%b5%d1%81%d1%82%d0%b0/,"Берасьце, Маскоўскі"
01-003-03-01,суд Барановичского района и г. Барановичи,"Брестская обл., г.Барановичи, ул.Пролетарская, 30",375163462529,"53.145133, 26.011186",http://baranovichi.brest-region.gov.by/index.php?option=com_content&view=article&id=20377&Itemid=2675&lang=ru,Баранавічы
01-005-03-01,суд Берёзовского района,"г.Береза, ул.Красноармейская, 28",375164345765,"52.534316, 24.979748",http://www.court.gov.by/ru/court_apply/rai/brest/efacd86b68942a94.html,Бяроза
01-006-03-01,суд Ганцевичского района,"Брестская обл., г.Ганцевичи, ул.Коммунистическая, 21",375164611478,"52.761166, 26.424223",http://gantsevichi.brest-region.gov.by/index.php?option=com_content&view=article&id=20386&Itemid=2677&lang=ru,Ганцавічы
01-007-03-01,суд Дрогичинского района,"Брестская обл., г.Дрогичин, ул.Карла Маркса, 5«А»",375164431521,"52.190339, 25.163872",http://drogichin.brest-region.gov.by/index.php?option=com_content&view=article&id=20387&Itemid=2678&lang=ru,Драгічын
01-008-03-01,суд Жабинковского района,"Брестская обл., г.Жабинка, ул.Мира,11",375164132478,"52.199772, 24.029503",http://zhabinka.brest-region.gov.by/index.php?option=com_content&view=article&id=20378&Itemid=2679&lang=ru,"Жабінка, раённы"
01-009-03-01,суд Ивановского района,"Брестская обл., г.Иваново, ул.Ленина, 5",375165225565,"52.145513, 25.533363",http://ivanovo.brest-region.gov.by/index.php?option=com_content&view=article&id=20379&Itemid=2680&lang=ru,
01-010-03-01,суд Ивацевичского района,"Брестская обл., г.Ивацевичи, ул.60 лет Октября, 10",375164592561,"52.717090, 25.341007",http://ivacevichi.brest-region.gov.by/index.php?id=20380&Itemid=&lang=ru&option=com_content&view=article,Івацэвічы
01-011-03-01,суд Каменецкого района,"Брестская обл., г.Каменец, ул.Панфиловцев, 1",375163171675,"52.396550, 23.819638",http://kamenec.brest-region.gov.by/index.php?option=com_content&view=article&id=20381&Itemid=2682&lang=ru,"Камянец, раённы"
01-012-03-01,суд Кобринского района,"Брестская обл., г.Кобрин, ул.Интернациональная, 28",375164223206,"52.208454, 24.356678",http://kobrin.brest-region.gov.by/index.php?option=com_content&view=article&id=20388&Itemid=2683&lang=ru,Кобрын
01-021-03-01,суд Лунинецкого района,"Брестская обл., г.Лунинец, ул.Фрунзе, 12-3","375164733839 375164765234","52.245100, 26.804533",http://luninets.brest-region.gov.by/index.php?option=com_content&view=article&id=20383%3A2012-06-27-12-46-21&catid=685%3A2012-06-27-12-17-28&Itemid=2684&lang=ru,Лунінец
01-013-03-01,суд Ляховичского района,"Брестская область, город Ляховичи, ул. Первомайская, 6",375163360180,"53.039146, 26.265859",http://liahovichi.brest-region.gov.by/index.php?option=com_content&view=article&id=20382&Itemid=2688&lang=ru,Ляхавічы
01-014-03-01,суд Малоритского района,"Брестская обл., г.Малорита, ул.Советская, 112",375165120496,"51.784866, 24.059902",http://malorita.brest-region.gov.by/index.php?option=com_content&view=article&id=20390&Itemid=2686&lang=ru,
01-015-03-01,суд Пинского района и г. Пинска,"Брестская обл., г.Пинск, ул.Пушкина, 14",375165653510,"52.121338, 26.115346",http://pinsk.brest-region.gov.by/index.php?option=com_content&view=article&id=20954&Itemid=2727&lang=ru,Пінск
01-017-03-01,суд Пружанского района,"Брестская обл., г.Пружаны, ул.Свободы, 25",375163271261,"52.559362, 24.461035",http://pruzhany.brest-region.gov.by/index.php?option=com_content&view=article&id=20391&Itemid=2687&lang=ru,Пружаны
01-018-03-01,суд Столинского района,"Брестская обл., г.Столин, ул.Советская, 98",375165524230,"51.893412, 26.859816",http://stolin.brest-region.gov.by/index.php?option=com_content&view=article&id=20392&Itemid=2689&lang=ru,"Столін, раённы"
02-000-03-01,Витебский областной суд,"г.Витебск, ул.Шубина, 4",375212436259,"55.187659, 30.206791",https://vitebsk.gov.by/ru/vitpblsud/,
02-000-03-02,Экономический суд Витебской области,"г.Витебск, ул.Правды, 32А",375212491325,"55.187383, 30.218271",http://www.court.gov.by/ru/ekonomicheskij/sud/vitebskoj/oblasti/,
02-001-03-01,суд Витебского района,"г.Витебск, ул.Правды, 34",375212619465,"55.188180, 30.218006",http://vitebsk.vitebsk-region.gov.by/ru/sud-vitebskogo-rayona,"Віцебск, раённы"
02-002-03-01,суд Железнодорожного района г. Витебска,"г.Витебск, ул.Буденного, 5-3",375212436259,"55.187349, 30.188659",https://vitebsk.gov.by/ru/vitpblsud/,"Віцебск, Чыгуначны"
02-002-03-02,суд Октябрьского района г. Витебска,"г.Витебск, ул.Правды, 34",375212654854,"55.188180, 30.218000",http://www.court.gov.by/special/ru/court_apply/rai/vitebsk/871893eef4174feb.htmll,"Віцебск, Кастрычніцкі"
02-002-03-03,суд Первомайского района г. Витебска,"г.Витебск, ул.Горбачевского, 26",375212664027,"55.181887, 30.187612",https://gorodvitebsk.by/firms/sud_geleznodorognogo#show_fones_3451,"Віцебск, Першамайскі"
02-003-03-01,суд г. Новополоцка,"Витебская обл., г.Новополоцк, ул.Дружбы, 21",375214588064,"55.520553, 28.666956",http://www.novopolotsk.by/content/view/2725/248/,Наваполацак
02-004-03-01,суд Бешенковичского района,"Витебская обл., г.п.Бешенковичи, ул.Чуклая, 7",375213141546,"55.045439, 29.456513",https://beshenkovichi.vitebsk-region.gov.by/ru/sud/,
02-005-03-01,суд Браславского района,"Витебская обл., г.Браслав, ул.Красноармейская, 8","375215368330 375215367457","55.640248, 27.035607",https://braslav.vitebsk-region.gov.by/ru/sud/,"Браслаў, Браслаўскі"
02-006-03-01,суд Верхнедвинского района,"Витебская обл., г.Верхнедвинск, ул.Советская, 189",375215161700,"55.763731, 27.946921",https://verkhnedvinsk.vitebsk-region.gov.by/ru/sud/,
02-007-03-01,суд Глубокского района,"Витебская обл., г.Глубокое, ул.Ясная, 29",375215657288,"55.134780, 27.672450",http://glubokoe.vitebsk-region.gov.by/ru/sudeb_vlast/,"Глыбокае, раённы"
02-008-03-01,суд Городокского района,"Витебская обл., г.Городок, ул.К.Маркса, 76",375213952546,"55.463197, 29.983204",https://gorodok.vitebsk-region.gov.by/ru/sud-ru/,"Гарадок, Віцебская вбл."
02-009-03-01,суд Докшицкого района,"Витебская обл., г.Докшицы, ул.Ленинская, 31",375215721045,"54.892644, 27.766144",https://dokshitsy.vitebsk-region.gov.by/ru/sud/,
02-010-03-01,суд Дубровенского района,"Витебская область, г. Дубровно, ул. Комсомольская, д. 4",375213753183,"54.572691, 30.684474",http://court.gov.by/ru/court_apply/rai/vitebsk/ea5dedac0bcbe6e2.html?version=print,Дуброўна
02-011-03-01,суд Лепельского района,"Витебская обл., г.Лепель, ул.Советская, 50",375213234838,"54.885233, 28.697607",http://lepel.vitebsk-region.gov.by/ru/sud/,Лепель
02-012-03-01,суд Лиозненского района,"Витебская обл., г.п.Лиозно, ул.Ленина, 100-а",375213841546,"55.029673, 30.797078",http://court.gov.by/ru/court_apply/rai/vitebsk/f4bd9a69f50a0122.html,
02-013-03-01,суд Миорского района,"Витебская обл., г.Миоры, ул.Коммунистическая, 34",375215241338,"55.622285, 27.629039",https://miory.vitebsk-region.gov.by/ru/sud-miory/,"Міёры, раённы"
02-014-03-01,суд Оршанского района и г. Орши,"Витебская обл., г.Орша, ул.Советская, 5",375216518495,"54.506705, 30.416722",http://court.gov.by/ru/court_apply/rai/vitebsk/c719f79277c06ff6.html,"Ворша, раённы"
02-015-03-01,суд Полоцкого района и г. Полоцка,"Витебская обл., г.Полоцк, ул.Успенская, 2",375214442136,"55.483380, 28.787643",http://www.court.gov.by/ru/court_apply/rai/vitebsk/cbbf5864d7364f09.html,"Полацак, раённы"
02-016-03-01,суд Поставского района,"Витебская обл., г.Поставы, ул.Советская, 76А",375215541546,"55.107659, 26.839118",http://www.postavy.vitebsk-region.gov.by/ru/sud/,"Паставы, раённы"
02-017-03-01,суд Россонского района,"Витебская обл., п.г.т. Россоны, ул.Советская, 2",375215956529,"55.903060, 28.815277",http://rossony.vitebsk-region.gov.by/ru/sud/,
02-018-03-01,суд Сенненского района,"Витебская обл., г.Сенно, ул.Бородулина, 2",375213559001,"54.815586, 29.707412",http://senno.vitebsk-region.gov.by/ru/rajon-sud/,
02-019-03-01,суд Толочинского района,"Витебская обл., г.Толочин, ул.Ленина, 1",375213651533,"54.404960, 29.711302",http://tolochin.vitebsk-region.gov.by/ru/sud_12/,Талачын
02-020-03-01,суд Ушачского района,"Витебская обл., г.п.Ушачи, ул.Советская, 42",375215858938,"54.406359, 29.686149",http://ushachi.vitebsk-region.gov.by/ru/sud/,
02-021-03-01,суд Чашникского района,"Витебская обл., г.Чашники, ул.Октябрьская, 14",375213333445,"54.857580, 29.162018",http://chashniki.vitebsk-region.gov.by/ru/sud_obl/,
02-022-03-01,суд Шарковщинского района,"Витебская обл., г.п.Шарковщина, ул.17 сентября, 8",375215460378,"55.361313, 27.468820",http://sharkovshchina.vitebsk-region.gov.by/ru/sud-ru/,"Шаркаўшчына, раённы"
02-023-03-01,суд Шумилинского района,"Витебская обл., г.п.Шумилино, ул.Короткина, 13",375213054833,"55.297620, 29.619162",http://shumilino.vitebsk-region.gov.by/ru/sud_12-ru/,
03-000-03-01,Гомельский областной суд,"г.Гомель, ул.Кирова, 11",375232337077,"52.428178, 31.008585",http://court.gov.by/ru/gomeljskij/oblastnoj/sud/,
03-000-03-02,Экономический суд Гомельской области,"г.Гомель, ул.Ирининская, 20",375232349831,"52.427970, 31.003338",http://court.gov.by/ru/ekonomicheskij/sud/gomeljskoj/oblasti/,
03-001-03-01,суд Гомельского района,"г.Гомель, ул.Шевченко, 7а",375232336804,"52.433451, 30.992165",http://gomelisp.gov.by/judicial-branch/,"Гомель, раённы"
03-002-03-01,суд Железнодорожного района г. Гомеля,"г.Гомель, ул.Пушкина, 10",375(232343734,"52.432688, 31.011730",http://www.court.gov.by/ru/court_apply/rai/gomel/e3033a781cf6a17e.html,"Гомель, Чыгуначны"
03-002-03-02,суд Новобелицкого района г. Гомеля,"г.Гомель, ул.Степана Разина, 8",375(232533813,"52.388164, 31.030783",http://www.court.gov.by/ru/court_apply/rai/gomel/d98b56b430ee4f07.html,"Гомель, Навабелецкі"
03-002-03-03,суд Советского района г. Гомеля,"г.Гомель, пр.Речицкий, 45",375(232294467,"52.409594, 30.935319",http://www.court.gov.by/ru/court_apply/rai/gomel/be3d2bbda17f0fad.html,"Гомель, Савецкі"
03-002-03-04,суд Центрального района г. Гомеля,"г.Гомель, ул.Пушкина, 10",375(232344310,"52.432688, 31.011730",http://www.court.gov.by/ru/court_apply/rai/gomel/ee392ac539d627b8.html,"Гомель, Цэнтральны"
03-003-03-01,суд Брагинского района,"Гомельская обл., г.п.Брагин, ул.Советская, 92",375234439334,"51.790510, 30.271168",http://bragin.gomel-region.by/ru/court/,
03-004-03-01,суд Буда-Кошелёвского района,"Гомельская обл., г.Буда-Кошелёво ул.Комсомольская, 17",375233677481,"52.712480, 30.565213",https://buda-koshelevo.gomel-region.by/ru/court/,"Буда-Кашалёва, раённы"
03-005-03-01,суд Ветковского района,"Гомельская обл., г.Ветка, ул.Первомайская, 40",375233042759,"52.551910, 31.172511",http://www.vetka.gov.by/ru/sud-ru/,
03-006-03-01,суд Добрушского района,"Гомельская обл., г.Добруш, ул.Пушкина, 13",375233355882,"52.421667, 31.310258",http://court.gov.by/ru/court_apply/rai/gomel/cebb93742e335edf.html,
03-007-03-01,суд Ельского района,"Гомельская обл., г.Ельск, ул.Дзержинского, 7",375235420353,"51.805560, 29.154284",http://yelsk.gomel-region.by/ru/court/,Ельск
03-008-03-01,суд Житковичского района,"Гомельская обл., г.Житковичи, ул.Энгельса, 3",375235350002,"52.216588, 27.855005",http://zhitkovichi.gov.by/ru/court-ru/,"Жыткавічы, раённы"
03-009-03-01,суд Жлобинского района,"Гомельская обл., г.Жлобин, ул.Урицкого, 59",375233436443,"52.891039, 30.030491",http://www.court.gov.by/ru/court_apply/rai/gomel/db3fd9474c9720d6.html,"Жлобін, раённы"
03-010-03-01,суд Калинковичского района,"Гомельская обл., г.Калинковичи, ул.Карла Макса, 22",375234531834,"52.132861, 29.331171",http://www.kalinkovichi.gomel-region.by/ru/court/,"Калінкавічы, Калінкавіцкі раённы"
03-011-03-01,суд Кормянского района,"Гомельская обл., г.п.Корма, ул.Ильющенко, 30",375233721543,"53.132190, 30.798425",https://www.korma.gov.by/ru/sudebnaja/,"Карма, раённы"
03-012-03-01,суд Лельчицкого района,"Гомельская обл., г.Лельчицы, ул.Ленина, 3",375235621258,"51.802859, 28.328669",https://www.lelchitsy.gomel-region.by/ru/court/,
03-013-03-01,суд Лоевского района,"Гомельская обл., г.п.Лоев, ул.Ленина, 1",375234752839,"51.939091, 30.806420",http://loev.gomel-region.by/ru/court/,Лоеў
03-014-03-01,суд Мозырьского района,"Гомельская обл., г.Мозырь, ул.Пролетарская, 86",375236251955,"52.050570, 29.242534",http://mozyrisp.gov.by/ru/sud/,Мазыр
03-015-03-01,суд Наровлянского района,"Гомельская обл., г.Наровля, ул.Ленина, 40",375235544015,"51.793529, 29.503584",http://narovlya.gov.by/ru/court/,"Нароўля, раённы"
03-016-03-01,суд Октябрьского района,"Гомельская обл., г.п.Октябрьский, ул.Маяковского, 5",375235751248,"52.634357, 28.881690",http://oktiabrskiy.gomel-region.by/ru/court/,"Акцябрск, раённы"
03-017-03-01,суд Петриковского района,"Гомельская обл., г.Петриков, ул. арла Либкнехта, 1",375235052484,"52.126669, 28.498702",http://petrikov.gomel-region.by/ru/court/,"Петрыкаў, раённы"
03-018-03-01,суд Речицкого района,"Гомельская обл., г.Речица, ул.Ленина, 49",375234068670,"52.369450, 30.388344",http://rechitsa.by/sud_grafik_3.html,"Рэчыца, раённы"
03-019-03-01,суд Рогачевского района,"Гомельская обл., г.Рогачев, ул.Володарского, 57",375233937492,"53.080958, 30.048736",https://www.rogachev.gomel-region.by/ru/court-ru/,Рагачоў
03-020-03-01,суд Светлогорского района,"Гомельская обл., г.Светлогорск, ул.Ленина, 82",375234270247,"52.636734, 29.736886",http://svetlogorsk.by/ru/pages/gov/sud/,"Сьветлагорск, раённы"
03-021-03-01,суд Хойникского района,"Гомельская обл., г.Хойники, ул.Карася, 19",375234621666,"51.890810, 29.964977",http://hoiniki.gov.by/ru/court/,"Хойнікі, раённы"
03-022-03-01,суд Чечерского района,"Гомельская обл., г.Чечерск, ул.Урицкого, 15",375233231543,"52.915568, 30.913050",http://chechersk.gomel-region.by/ru/court/,
04-000-03-01,Гродненский областной суд,"г.Гродно, ул.Карбышева, 20",375152722312,"53.681535, 23.837551",http://www.court.gov.by/ru/Grodnenskij/oblastnoj/sud/,
04-000-03-02,Экономический суд Гродненской области,"г.Гродно, ул.Советских пограничников, 102",375152790601,"53.671150, 23.806622",http://www.court.gov.by/ru/Ekonomicheskij/sud/Grodnenskoj/oblasti/,
04-001-03-01,суд Гродненского района,"г.Гродно, ул.Гаспадарчая, 4",375152681645,"53.701801, 23.826537",https://grodnorik.gov.by/ru/the_Court_of_the_Grodno_region/,
04-002-03-01,суд Ленинского района г. Гродно,"г.Гродно, ул. Доватора, 2/1",375152414187,"53.692424, 23.834380",http://court.gov.by/ru/court_apply/rai/grodno/c4c051ad283d6aa4.html,"Гародня, Ленінскі"
04-002-03-02,суд Октябрьского района г. Гродно,"г.Гродно, ул. Дубко, 9",375152414520,"53.701018, 23.828621",http://court.gov.by/ru/court_apply/rai/grodno/eebd3f49d25d7212.html,"Гародня, Кастрычніцкі"
04-003-03-01,суд Берестовицкого района,"Гродненская обл., г.п.Большая Берестовица, ул. Ленина, 23",375151122266,"53.682244, 23.840829",http://berestovitsa.grodno-region.by/ru/court-ru/,
04-004-03-01,суд Волковысского района,"Гродненская обл., г.Волковыск, ул.Дзержинского, 11",375151241378,"53.167223, 24.458987",https://volkovysk.grodno-region.by/ru/sud-ru/,Ваўкавыск
04-005-03-01,суд Вороновского района,"Гродненская обл., г.п.Вороново, ул.Советская, 66",375159421460,"54.148003, 25.315050",http://court.gov.by/ru/court_apply/rai/grodno/e34cf725acefcf5a.html,
04-006-03-01,суд Дятловского района,"Гродненская обл., г.Дятлово, ул.Новогрудская, 16Б",375156368931,"53.469165, 25.417705",http://www.court.gov.by/ru/court_apply/rai/grodno/da876ed71946b163.html,
04-007-03-01,суд Зельвенского района,"Гродненская обл., г.п.Зельва, ул.Октябрьская, 9А",375156474471,"53.146591, 24.815789",http://court.gov.by/ru/court_apply/rai/grodno/ae065b9e7da88baa.html,
04-008-03-01,суд Ивьевского района,"Гродненская обл., г.Ивье, ул.1 Мая, 15",375159521338,"53.932961, 25.768830",http://www.court.gov.by/ru/grodnenskij/oblastnoj/sud/rajonnie/gorodskie/sudi/gomeljskoj/oblasti/sudi/grodnenskoj/oblasti/eb6af685a2efb0cf.html,
04-009-03-01,суд Кореличского района,"Гродненская обл., г.п.Кореличи, ул.Пушкина, 3",375159621783,"53.574873, 26.142768",http://www.court.gov.by/ru/court_apply/rai/grodno/ed4caa7f5071b08a.html,Карэлічы
04-010-03-01,суд Лидского района,"Гродненская обл., г.Лида, ул.Победы, 34",375154528677,"53.893984, 25.295646",http://www.court.gov.by/ru/court_apply/rai/grodno/f5d765c59b0926ae.html,"Ліда, раённы"
04-011-03-01,суд Мостовского района,"Гродненская обл., г.Мосты, ул.Советская, 13",375151533779,"53.410009, 24.538521",http://court.gov.by/ru/court_apply/rai/grodno/d8915002aaa7d44f.html,Масты
04-012-03-01,суд Новогрудского района,"Гродненская обл., г.Новогрудок, ул.Высокая, 2«б»",375159721285,"53.597030, 25.821634",http://court.gov.by/ru/court_apply/rai/grodno/c3a553046bf27b9d.html,"Наваградак, раённы"
04-013-03-01,суд Островецкого района,"Гродненская обл., г.Островец, ул.Октябрьская, 6",375159121108,"54.614308, 25.958634",http://court.gov.by/ru/court_apply/rai/grodno/dfff390e72512528.html,
04-014-03-01,суд Ошмянского района,"Гродненская обл., г.Ошмяны, ул.Советская, 39",375159344547,"54.428405, 25.948644",http://court.gov.by/ru/court_apply/rai/grodno/f3fd6cd395750a9d.html,
04-015-03-01,суд Свислочского района,"Гродненская обл., г.Свислочь, ул.Первомайская, 11",375151333519,"53.037810, 24.094579",http://court.gov.by/ru/court_apply/rai/grodno/beb75b81327496ee.html,"Сьвіслач, раённы"
04-016-03-01,суд Слонимского района,"Гродненская обл., г.Слоним, ул.Брестская, 44",375156221520,"53.086184, 25.300478",http://www.court.gov.by/ru/court_apply/rai/grodno/be6847d7596ceb8a.html,Слонім
04-017-03-01,суд Сморгонского района,"Гродненская обл., г.Сморгонь, ул.Гастелло, 31",375159231447,"54.485343, 26.403911",http://www.court.gov.by/ru/court_apply/rai/grodno/eafe4206016e15f2.html,"Смаргонь, раённы"
04-018-03-01,суд Щучинского района,"Гродненская обл., г.Щучин, ул.Красноармейская, 10",375151474089,"53.605909, 24.745139",http://court.gov.by/ru/court_apply/rai/grodno/c01620846e50dbdd.html,"Шчучын, раённы"
05-000-03-01,Минский областной суд,"г.Минск, ул.Свердлова, 3",375173541039,"53.895710, 27.551411",http://www.court.gov.by/ru/minskij/oblastnoj/sud/,
05-000-03-02,Экономический суд Минской области,"г.Минск, ул.Жилуновича, 15",375172955219,"53.876074, 27.631576",http://belpravo.by/content/hozyajstvennyj-sud-minskoj-oblasti,
05-001-03-01,суд Минского района,"г.Минск, ул.Маяковского, 119А",375172705024,"53.861509, 27.573098",https://mrik.gov.by/sud-minskogo-rajona,"Менск, раённы"
05-002-03-01,Минский городской суд,"г.Минск, ул.Дунина-Марцинкевича, 1",375173089000,"53.907100, 27.482402",http://www.court.gov.by/ru/minskij/gorodskoj/sud/,Менск
05-002-03-02,Экономический суд г. Минска,"г.Минск, ул.Академическая, 15/1",375172840500,"53.917824, 27.601105",http://www.court.gov.by/ru/ekonomicheskij/sud/goroda/minska/,
05-003-03-01,суд г. Жодино,"Минская обл., г.Жодино, ул.40 лет Октября, 7",375177548733,"54.096097, 28.323719",https://www.zhodino.minsk-region.by/sud,Жодзіна
05-004-03-01,суд Березинского района,"Минская обл., г.Березино, ул.Пионерская, 5",375171555840,"53.842805, 28.997438",http://court.gov.by/ru/court_apply/rai/minsk_region/c8d39429425c0b30.html,
05-005-03-01,суд Борисовского района,"Минская обл., г.Борисов, ул.Карла Маркса, 19",375177736868,"54.223864, 28.517692",http://www.court.gov.by/ru/court_apply/rai/minsk_region/da02421c5b6c2fb7.html,"Барысаў, раённы"
05-006-03-01,суд Вилейского района,"Минская обл., г.Вилейка, ул.Партизанская, 40",375(177155161,"54.488405, 26.913220",https://www.vileyka.minsk-region.by/sud-vilejskogo-rajona,Вілейка
05-007-03-01,суд Воложинского района,"Минская обл., г.Воложин, пл.Свободы, 2",375177255572,"54.089222, 26.526532",http://www.volozhin.gov.by/ru/sud-volozhinskogo-rajona,"Валожын, раённы"
05-008-03-01,суд Дзержинского района,"Минская обл., г.Дзержинск, пр.Дзержинского, 1",375171665643,"53.685449, 27.131960",http://dzerzhinsk.gov.by/sud-dzerzhinskogo-rajona,Дзяржынск
05-009-03-01,суд Клецкого района,"Минская обл., г.Клецк, ул.Панкратовская, 6",375179350074,"53.067968, 26.634895",http://kletsk.gov.by/ru/sud,Клецк
05-010-03-01,суд Копыльского района,"Минская обл., г.Копыль, пл.Ленина, 6",375171955160,"53.151630, 27.090799",http://www.kopyl.gov.by/ru/sud-kopylskogo-rajona.html,
05-011-03-01,суд Крупского района,"Минская обл., г.Крупки, ул.Зайцева, 15",375179655744,"54.319566, 29.137917",http://www.krupki.gov.by/be/sud-krupskaga-rajona,"Крупкі, раённы"
05-012-03-01,суд Логойского района,"Минская обл., г.Логойск, пер.Банный, 3",375177478306,"54.199996, 27.846597",http://www.logoysk.gov.by/sud-logojskogo-rajona.html,"Лагойск, раённы"
05-013-03-01,суд Любанского района,"Минская обл., г.Любань, ул.Первомайская, 37",375179467172,"52.791296, 27.998215",http://www.lyuban.gov.by/ru/sud/,
05-014-03-01,суд Молодечненского района,"Минская обл., г.Молодечно, ул.Партизанская, 5",375176723838,"54.309338, 26.836585",https://molodechno.minsk-region.by/sud,"Маладзечна, Маладзечанскі раён"
05-015-03-01,суд Мядельского района,"Минская обл., г.Мядель, ул.Крупской, 6",375179727264,"54.869976, 26.929831",http://myadel.minsk-region.by/ru/sud-ru/,
05-016-03-01,суд Несвижского района,"Минская обл., г.Несвиж, ул.Садовая, 11",375177054408,"53.222558, 26.671788",http://nesvizh.gov.by/ru/sud-chervenskogo-rajona.html,Нясьвіж
05-017-03-01,суд Пуховичского района,"Минская обл., г.Марьина Горка, ул.Ленинская, 47",375171335166,"53.511151, 28.148090",http://www.pukhovichi.minsk-region.by/ru/sud-pukhovichskogo-rajona.html,Мар'іна Горка
05-018-03-01,суд Слуцкого района,"Минская обл., г.Слуцк, ул.Уласовца, 8",375179575092,"53.024349, 27.541352",http://www.slutsk.minsk-region.by/ru/sud-slutskogo-rajona,Слуцк
05-019-03-01,суд Смолевичского района,"Минская обл., г.Смолевичи, ул.Советская, 125",375177655291,"54.030333, 28.089681",http://smolevichi.minsk-region.by/ru/sud-smolevicheskogo-rajona.html,Смалявічы
05-020-03-01,суд Солигорского района,"Минская обл., г.Солигорск, ул.Богомолова, 1",375174260820,"52.786373, 27.522674",https://soligorsk.by/ru/sud/,"Салігорск, раённы"
05-021-03-01,суд Стародорожского района,"Минская обл., г.Старые Дороги, ул.8 Марта, 32",375179258500,"53.039991, 28.259005",http://staryedorogi.minsk-region.by/ru/sud-ru/,"Старыя Дарогі, раённы"
05-022-03-01,суд Столбцовского района,"Минская обл., г.Столбцы, ул.Тенистая, 1а",375171751366,"53.484047, 26.736450",http://stolbtsy.gov.by/sud-stolbtsovskogo-rajona,
05-023-03-01,суд Узденского района,"Минская обл., г.Узда, ул.Интернациональная, 61",375171854292,"53.460626, 27.214659",https://uzda.gov.by/ru/sud,"Узда, раённы"
05-024-03-01,суд Червенского района,"Минская обл., г.Червень, пл.Свободы, 1",375171426051,"53.714043, 28.418914",http://www.cherven.minsk-region.by/ru/sud-chervenskogo-rajona.html,"Чэрвень, раённы"
06-000-03-01,Могилевский областной суд,"г.Могилев, ул.Первомайская, 85",375222629030,"53.916159, 30.343051",http://mogilev-region.gov.by/external_redirect?extUrl=http%3A//court.gov.by/ru/mogilevskij/oblastnoj/sud/,
06-000-03-02,Экономический суд Могилевской области,"г.Могилев, ул.Первомайская, 85",375222292727,"53.916159, 30.343051",http://court.gov.by/ru/ekonomicheskij/sud/mogilevskoj/oblasti/,
06-001-03-01,суд Могилевского района,"г.Могилев, ул.Первомайская, 85",375222327030,"53.916159, 30.343051",http://mogilev-region.gov.by/category/gosudarstvennye_organy_mogilevskoi_oblasti/sudebnaya_vlast,"Магілёў, раённы"
06-002-03-01,суд Ленинского района г. Могилева,"г.Могилев, ул. Добролюбова, 4",375222253785,"53.914374, 30.338159",http://court.gov.by/ru/court_apply/rai/mogilev/ba82457e34a48dfa.html,"Магілёў, Ленінскі"
06-002-03-02,суд Октябрьского района г. Могилева,"г.Могилев, ул. Добролюбова, 2",375222327160,"53.914746, 30.338714",http://court.gov.by/ru/court_apply/rai/mogilev/b5cdd2089dfcd60d.html,"Магілёў, Кастрычніцкі"
06-003-03-01,суд Бобруйского района и г. Бобруйска,"Могилевская обл., г.Бобруйск, ул.Октябрьская, 128",375225721965,"53.145268, 29.221406",http://court.gov.by/ru/court_apply/rai/mogilev/f8481b2b985d3be3.html,"Бабруйск, раённы"
06-004-03-01,суд Белыничского района,"Могилевская обл., г.Белыничи, ул.Ленинская, 59",375223251958,"53.995170, 29.707179",http://www.court.gov.by/upload/REGIONAL%20COURTS/MOGILEV/Belynichi2.pdf,"Бялынічы, раённы"
06-005-03-01,суд Быховского района,"Могилевская обл., г.Быхов, ул.Ленина, 31",375223179641,"53.518240, 30.244075",http://bykhov.gov.by/news/novosti-regiona/item/1668-sud,"Быхаў, раённы"
06-006-03-01,суд Глусского района,"Могилевская обл., г.Глуск, ул.Первомайская, 15а",375223079810,"52.902208, 28.687303",http://court.gov.by/court_apply/rai/Mogilev/a192baa656b3f120.html,"Глуск, раённы"
06-007-03-01,суд Горецкого района,"Могилевская обл., г.Горки, ул.Фёдора Сурганова, 14",375223358882,"54.285562, 30.983532",http://court.gov.by/ru/court_apply/rai/mogilev/fe6d28ae4df38413.html,Горкі
06-008-03-01,суд Дрибинского района,"Могилевская обл., г.Дрибин, ул.Советская, 8",375224824156,"54.117038, 31.093225",http://mogilev-region.gov.by/category/gosudarstvennye_organy_mogilevskoi_oblasti/sudebnaya_vlast,Дрыбін
06-009-03-01,суд Кировского района,"Могилевская обл., г.Кировск, ул.Гагарина, 1а",375223772113,"53.263753, 29.467778",http://mogilev-region.gov.by/category/gosudarstvennye_organy_mogilevskoi_oblasti/sudebnaya_vlast,
06-010-03-01,суд Климовичского района,"Могилевская обл., г.Климовичи, ул.Индустриальная, 17",375224451268,"53.597001, 31.960953",http://mogilev-region.gov.by/category/gosudarstvennye_organy_mogilevskoi_oblasti/sudebnaya_vlast,Клімавічы
06-011-03-01,суд Кличевского района,"Могилевская обл., г.Кличев, ул.Пролетарская, 60",375223651631,"53.488264, 29.346649",http://mogilev-region.gov.by/category/gosudarstvennye_organy_mogilevskoi_oblasti/sudebnaya_vlast,
06-012-03-01,суд Костюковичского района,"Могилевская обл., г.Костюковичи, ул.Зиньковича, 1",375224554574,"53.346683, 32.050470",http://mogilev-region.gov.by/category/gosudarstvennye_organy_mogilevskoi_oblasti/sudebnaya_vlast,
06-013-03-01,суд Краснопольского района,"Могилевская обл., г.Краснополье, ул.Гагарина, 6",375223821731,"53.333731, 31.403494",http://mogilev-region.gov.by/category/gosudarstvennye_organy_mogilevskoi_oblasti/sudebnaya_vlast,
06-014-03-01,суд Кричевского района,"Могилевская обл., г.Кричев, ул.Минская, 2б",375224151415,"53.687785, 31.714877",http://court.gov.by/ru/court_apply/rai/mogilev/ae6829502f5f940f.html,
06-015-03-01,суд Круглянского района,"Могилевская обл., г.Круглое, ул.Советская, 97а",375223472055,"54.260768, 29.794082",http://court.gov.by/ru/court_apply/rai/mogilev/c363333d9b641046.html,
06-016-03-01,суд Мстиславского района,"Могилевская обл., г.Мстиславль, ул.Ворошилова, 72",375224021349,"54.018194, 31.725657",http://court.gov.by/ru/court_apply/rai/mogilev/c119f83e18ccf3cb.html,
06-017-03-01,суд Осиповичского района,"Могилевская обл., г.Осиповичи, ул.Ленинская, 45","375223556989 375223552497","53.305281, 28.637096",http://court.gov.by/ru/court_apply/rai/mogilev/d55f68aced76d1f9.html,Асіповічы
06-018-03-01,суд Славгородского района,"Могилевская обл., г.Славгород, 1-й пер. Суворова, 2",375224671446,"53.439347, 30.997662",http://court.gov.by/ru/court_apply/rai/mogilev/c09c0bbc51639c6d.html,Слаўгарад
06-019-03-01,суд Хотимского района,"Могилевская обл., г.п.Хотимск, ул.Ленинская, 5а",375224779444,"53.409364, 32.581186",http://court.gov.by/court_apply/rai/Mogilev/cc81b5817c322bb3.html,
06-020-03-01,суд Чаусского района,"Могилевская обл., г.Чаусы, ул.Фрунзе, 21а",375224278613,"53.806441, 30.968009",http://court.gov.by/ru/court_apply/rai/mogilev/ff8dd08b996cdbfa.html,
06-021-03-01,суд Чериковского района,"Могилевская обл., г.Чериков, ул.Рокоссовского, 1",375224372321,"53.570118, 31.379554",http://court.gov.by/ru/court_apply/rai/mogilev/e3103fef252ce6d6.html,
06-022-03-01,суд Шкловского района,"Могилевская обл., г.Шклов, ул.Фабричная, 2а",375223995435,"54.210534, 30.295162",http://court.gov.by/ru/court_apply/rai/mogilev/b3e8bfab707c94c9.html,"Шклоў, раённы"
07-001-03-01,суд Заводского района г. Минска,"г.Минск, Партизанский пр., 75А",375173305102,"53.877168, 27.623141",http://www.court.gov.by/ru/court_apply/rai/minsk/f8ce7b748383744a.html,"Менск, Заводзкі"
07-002-03-01,суд Ленинского района г. Минска,"г.Минск, ул.Семашко, 33","375172506367 375173615708","53.856806, 27.492885",http://court.gov.by/ru/court_apply/rai/minsk/f7b4b70b554b1c81.html,"Менск, Ленінскі"
07-003-03-01,суд Московского района г. Минска,"г.Минск, пр.газеты «Правда», 27","375172770215 375172770216","53.862828, 27.481432",http://court.gov.by/ru/court_apply/rai/minsk/bf63579b2ad61fcd.html,"Менск, Маскоўскі"
07-004-03-01,суд Октябрьского района г. Минска,"г.Минск, ул.Семашко, 33",375173786355,"53.856806, 27.492885",https://okt.minsk.gov.by/zakon-i-poryadok/sud,"Менск, Кастрычніцкі"
07-005-03-01,суд Партизанского района г. Минска,"г.Минск, ул.Семашко, 33","375173586425 375173780776","53.856806, 27.492885",http://court.gov.by/ru/court_apply/rai/minsk/aeb74c07c8e1d107.html,"Менск, Партызанскі"
07-006-03-01,суд Первомайского района г. Минска,"г.Минск, ул.Толбухина, 9",375172857811,"53.927321, 27.611400",http://court.gov.by/ru/court_apply/rai/minsk/dab70f85994a1818.html,"Менск, Першамайскі"
07-007-03-01,суд Советского района г. Минска,"г.Минск, ул.Логойский тракт, 3",375172728340,"53.940817, 27.606388",https://sov.minsk.gov.by/zakonnost-i-pravoporyadok/sudebnaya-vlast,"Менск, Савецкі"
07-008-03-01,суд Фрунзенского района г. Минска,"г.Минск, ул.Дунина-Марцинкевича, 1к2",375173976937,"53.907058, 27.482294",https://www.fr.gov.by/administration/law/court/,"Менск, Фрунзенскі"
07-009-03-01,суд Центрального района г. Минска,"г.Минск, ул.Кирова, 21",375173518967,"53.897493, 27.559747",https://centr.minsk.gov.by/sfery-deyatelnosti/zakonnost-i-pravoporyadok/pravookhranitelnye-organy/sud-tsentralnogo-rajona-g-minska,"Менск, Цэнтральны"
07-000-00-01,Конституционный суд,г.Минск ул. Красноармейская 4,375173275209,"53.90031853200415, 27.56618135101687",http://kc.gov.by/,
07-000-00-02,Верховный суд,г.Минск ул. Орловская 76,375172261206,"53.93088489715164, 27.524045783097446",http://court.gov.by/,
