Номер,Полное имя,Источник фото,Телефон
1,Дмитрук Георгий Григорьевич,,
2,Панасюк Татьяна Сергеевна,http://www.brsu.by/div/nashi-vypuskniki-nasha-gordost-2,
3,Касперович Эдуард Валерьевич,,375172224039
4,Гущин Антон Иванович,https://vb.by/society/people/sudja_anton_guschin.html,375162935731
5,Хотько Елена Петровна,,375162935731
6,Курисюк Андрей Леонидович,,375162935731
7,Коляда Надежда Анатольевна,,
8,Сиз Николай Иванович,,
9,Феоктистова Татьяна Николаевна,,
10,Кременевская Светлана Борисовна,http://www.brsu.by/div/vydayuschiesya-vypuskniki-nashego-fakulteta,
11,Сенько Николай Алексеевич,,
12,Исаева Татьяна Васильевна,,
13,Сенько Руслана Альбертовна,,
14,Ласкович Татьяна Георгиевна,,
15,Литовчик Анатолий Амбросьевич,,
16,Василюк Андрей Анатольевич,,
17,Березюк Сергей Александрович,,
18,Миселюк Валентин Михайлович,http://www.brsu.by/div/vydayuschiesya-vypuskniki-nashego-fakulteta,
19,Горбацкий Александр Александрович,,
20,Пул Оксана Леонидовна,,
21,Никитин Константин Вадимович,,375162203053
22,Гречаник Елена Николаевна,,
23,Кулак Сергей Мефодьевич,,375162204065
24,Демьянюк Елена Александровна,,
25,Суходольская Ольга Николаевна,,
26,Савчук Владимир Владимирович,https://www.kobrincity.by/news/item/19479-prezident-naznachil-antona-gushchina-glavoj-brestskogo-oblastnogo-suda.html,375162935731
27,Ромашко Екатерина Анатольевна,,
28,Андрейчук Николай Контантинович,,
29,Шоломицкий Владимир Алексеевич,,
30,Ковенко Валентина Максимовна,,
31,Гловацкий Павел Васильевич,,
32,Карпова Елена Юрьевна,,
33,Конючко Андрей Владимирович,,
34,Виноградова Алла Алексеевна,,
35,Куровский Дмитрий Геннадьевич,,
36,Семенчук Александр Александрович,,
37,Калина Святослав Игоревич,,
38,Ковальчук Елена Степановна,,
39,Назаренко Лариса Ивановна,http://bvn.by/news/prois/za-uklonenie-ot-armii-brestchanin-poluchil-100-chasov-obshchestvennykh-rabot-i-krupnyy-shtraf/,375162935800
40,Грушко Андрей Вацлавович,,
41,Шурин Дмитрий Викторович,,
42,Миронюк Олег Степанович,,
43,Реутский Александр Викторович,,
44,Прокопчук Татьяна Станиславовна,,
45,Мохор Михаил Николаевич,,375162213321
46,Калюта Леонтий Иванович,,
47,Урбанович Татьяна Николаевна,,
48,Горгадзе Татьяна Анатольевна,,
49,Реутская Елена Михайловна,,
50,Лобачевская Раиса Ивановна,,
51,Ховалкина Ольга Геннадьевна,,
52,Карабан Роман Яковлевич,,
53,Бразинская Анастасия Викторовна,,
54,Бобровский Петр Петрович,,
55,Леванчук Мария Ильинична,,
57,Корогода Алексей Сергеевич,,
58,Филоник Вера Вячеславовна,,
59,Апанович Ольга Викторовна,http://spring96.org/ru/news/73569,
60,Бреган Евгений Анатольевич,,375162215786
61,Жукова Татьяна Юрьевна,,
62,Пакунова Виктория Гинтасовна,,
63,Пивовар Станислав Степанович,,
64,Торопина Наталья Вячеславовна,,
65,Петрив Василий Остапович,,
66,Капачевская Жанна Матвеевна,,
67,Литвинчик Оксана Васильевна,,
69,Щерба Юлиана Викторовна,,
70,Кульбеда Ирина Вячеславовна,,
71,Павловская Инна Леонидовна,,
72,Копач Оксана Александровна,,
73,Романюк Ольга Вячеславовна,,
74,Утлик Вера Ивановна,,
75,Снежко Светлана Николаевна,,
76,Мартынюк Юрий Валерьевич,https://www.intex-press.by/2020/06/25/v-sude-baranovichskogo-rajona-i-goroda-baranovichi-novyj-predsedatel/,375162215786
77,Груда Екатерина Николаевна,,
78,Кмита Николай Алексеевич,https://www.intex-press.by/2017/12/19/predsedatel-baranovichskogo-suda-rasskazal-pochemu-sudi-nosyat-mantiyu-kto-vydaet-im-molotok-i-pochemu-zhalko-osuzhdennyh/,
79,Минченко Наталья Викторовна,,
80,Вакульчик Наталья Ивановна,,375164345760
81,Ковалевич Дмитрий Игоревич,,
82,Рудина Людмила Валентиновна,,
83,Клевжиц Екатерина Фёдоровна,,
84,Мешкевич Иван Иванович,,
85,Космач Владимир Степанович,,375164662917
86,Станкевич Леонтий Александрович,,375164420362
87,Михаленко Светлана Валентиновна,,
88,Рубашевская Людмила Николаевна,,
89,Новик Виктор Викторович,,375164132334
90,Кудласевич Геннадий Иванович,,375295230174
91,Стасевич Николай Владимирович,,375165225574
92,Кухоцковолец Сергей Иванович,,
93,Аврусевич Василий Степанович,,
94,Подлянец Артем Леонидович,,
95,Воробей Василий Дмитриевич,,
96,Кирилович Александр Иванович,,375164561109
97,Левчук Виктория Викторовна,,
98,Шкель Оксана Петровна,,375163171675
99,Коберская Татьяна Александровна,,375164221979
100,Кмит Алексей Николаевич,,
101,Богнат Алла Ивановна,,
102,Тимошенко Петр Прохорович,,
104,Зданович Вадим Святославович,https://www.kobrincity.by/news/item/20052-predsedatel-suda-kobrinskogo-rajona-uroven-pravovoj-kultury-kobrinchan-znachitelno-vyros.html,375164266623
106,Жерко Татьяна Ивановна,,
107,Будник Наталья Викторовна,,375163360188
108,Смирнова Ольга Кононовна,,375165161375
109,Наумович Татьяна Ивановна,,
110,Боричевский Петр Васильевич,,
111,Кравчук Анна Ивановна,,
112,Свитин Дмитрий Владимирович,,375165650484
113,Бычило Андрей Владимирович,,
114,Серкова Татьяна Михайловна,,
115,Татаревич Иван Станиславович,,
116,Мельник Евгения Викторовна,,
117,Пацко Алексей Васильевич,,
118,Малейчук Александр Петрович,,375165650856
119,Лубник Ольга Владимировна,,
120,Корец Иван Степанович,,375165653510
121,Безручко Сергей Сергеевич,,
122,Коршун Светлана Александровна,,
123,Репихо Николай Викторович,,
124,Мозоль Вадим Иванович,http://maiak.by/news/ritmy-beryezovshchiny/pravosudie_garantiruet_zakonnost.html,375163221591
125,Житко Игорь Анатольевич,,
126,Карасинский Дмитрий Иосифович,,375165523682
127,Стаховец Федор Владимирович,,
128,Прокопчук Александр Анатольевич,,
129,Стадник Жанна Павловна,,
130,Братанова Светлана Викторовна,,
131,Зоткина Оксана Владимировна,,
132,Бельский Василий Владимирович,,
133,Денисович Михаил Васильевич,,375164747033
135,Губанов Денис Матвеевич,,
136,Бурунов Евгений Илларионович,https://justbel.info/ActiveContent/articlesPdfs/747.pdf,
137,Быстров Виктор Викторович,,
138,Хамиченко Николай Николаевич,,
139,Прейс Андрей Владимирович,,
140,Хилькевич Наталья Фёдоровна,,
141,Буева Валентина Михайловна,,
142,Макаревич Игорь Михайлович,,
143,Гурко Леонид Николаевич,,
144,Фоменко Анатолий Григорьевич,,
145,Матушайкес Татьяна Васильевна,,
146,Бондарев Сергей Александрович,,
147,Волкова Светлана Ивановна,,
148,Дроздов Александр Викторович,,
149,Федюкевич Александр Иосифович,,375212601470
150,Фёдоров Олег Станиславович,,
151,Лях Наталья Викторовна,,
152,Мошарский Олег Александрович,,
153,Дедковская Светлана Евгеньевна,,
154,Снарова Стефанида Романовна,,
155,Бирюк Зинаида Ивановна,,
156,Киенко Олег Борисович,,375212491300
157,Гуреев Анатолий Валерьевич,,
158,Римша Игорь Сергеевич,,
159,Тур Ольга Николаевна,,
160,Буракова Юлия Михайловна,,
161,Васильева Жанна Александровна,,
162,Пискунович Ольга Васильевна,,
163,Володин Юрий Александрович,,
164,Ковалева Ирина Васильевна,,
165,Зайцев Михаил Яковлевич,,
166,Бородулин Алексей Александрович,,
167,Стефанович Наталья Леонидовна,,
168,Лобацкая Татьяна Владимировна,,
169,Игнатенко Анна Александровна,,
170,Терехова Елена Михайловна,,
171,Горохова Марина Чеславовна,,375212619465
172,Носова Александра Александровна,,
173,Дегтярёва Татьяна Валерьевна,,
174,Третьякова Наталья Михайловна,,
175,Зубеня Михаил Николаевич,,
176,Ковалева Валентина Владимировна,,
177,Шаповал Ольга Ивановна,,
178,Цыганкова Елена Михайловна,,
179,Лупенкова Раиса Кондратьевна,,
180,Дегода Роман Игоревич,,375212663984
181,Воротынская Светлана Владимировна,,
182,Алексеенко Денис Владимирович,,
183,Гребенчук Елена Николаевна,,
184,Иванова Ольга Анатольевна,,
185,Лапшова Мария Георгиевна,,
186,Белоус Илья Владимирович,,
187,Баркова Марина Владимировна,,
188,Атрахимович Николай Александрович,,
189,Жарикова Алеся Сергеевна,,
190,Киндеева Снежана Александровна,,
191,Лещенко Виктория Александровна,,375212654836
192,Ломако Сергей Иванович,,
193,Грабовская Инна Валерьевна,,
194,Михасева Валентина Алексеевна,,
195,Будревич Сергей Валерьевич,,
196,Цариков Владимир Михайлович,,
197,Попкова Елена Михайловна,,375212654854
198,Догиль Алиса Михайловна,,
199,Закревская Ирина Олеговна,,
200,Журавкова Татьяна Николаевна,,375212654858
201,Борисова Вероника Сергеевна,,
202,Родина Татьяна Михайловна,,
203,Дасько Наталья Евгеньевна,,
204,Ильюшонок Ольга Владимировна,,
205,Андрушенко Андрей Анатольевич,,375212229255
206,Юрченко Михаил Григорьевич,,375295133332
207,Курбацкий Дмитрий Сергеевич,,
208,Бровко Наталья Константиновна,,
209,урбацкий Дмитрий Сергеевич,,
210,Протас Елена Сергеевна,,
211,Савицкая Елена Николаевна,,375212229255
212,Шидловский Андрей Егоровия,,
213,Шарец Елена Алексеевна,,
214,Кисмерошкина Валентина Ивановна,,
215,Жук Елена Семеновна,,
216,Бровко Наталья Александровна,,
217,Абрамова Светлана Анатольевна,,
218,Дубецкая Анна Григорьевна,,375212223196
219,Верташонок Елена Эдуардовна,,375214588022
220,Лапко Виталий Олесевич,,375214584954
221,Жарова Ирина Васильевна,,
222,Балико Ольга Владимировна,,
223,Гавро Светлана Владимировна,,
224,Янюк Виталий Фёдорович,,
225,Калиниченко Снежана Владимировна,,
226,Болоболова Зинаида Васильевна,,
227,Реут Наталья Петровна,,
228,Рощина Наталья Николаевна,,375213141546
229,Сучок Александр Михайлович,,
230,Прокопчик Ольга Брониславовна,,375215368330
231,Вязицкий Александр Петрович,,
232,Коваленко Людмила Геннадьевна,,375215161700
233,Сенченко Вера Петровна,,
234,Тарасевич Андрей Романович,,
235,Казак Ирина Станиславовна,,375215657288
236,Лешкович Александр Эдуардович,,375213958437
237,Гуринова Анна Дмитриевна,,
238,Вихотенко Елена Михайловна,,
239,Елисеенко Вячеслав Владимирович,,375215757596
240,Ульский Александр Викторович,,
241,Дегтерева Валентина Николаевна,,
242,Циклинская Мария Петровна,,375215721546
243,Татаев Игорь Алексеевич,,
244,Демещенко Елена Александровна,,
245,Новик Алеся Васильевна,,
246,Васюк Дмитрий Михайлович,,375213234837
247,Афанасьева Антонина Васильевна,,375213841546
248,Лапушинский Алексей Антонович,,
249,Згоник Дмитрий Алексеевич,,
250,Кот Елена Анатольевна,,
251,Яскевич Ирина Вячеславовна,,
252,Поляков Игорь Михайлович,,
253,Каретникова Антонина Ивановна,,
254,Серафимович Татьяна Владимировна,,
255,Рыбакова Татьяна Александровна,,
256,Кузьмичёнок Светлана Анатольевна,,
257,Картузова Ирина Викторовна,,
258,Парохонько Наталья Васильевна,,
259,Серговицкая Юлия Валерьевна,,
260,Бойцова Наталья Александровна,,
261,Дранькова Олеся Анатольевна,,
262,Котова Алеся Анатольевна,,375216518495
263,Можейко Екатерина Васильевна,,
264,Разумович Дмитрий Александрович,,
265,Драгунов Николай Александрович,,
266,Шамкова Илона Дмитриевна,,
267,Кохова Инна Викторовна,,
268,Щадинская Раиса Михайловна,,
269,Конащенко Людмила Михайловна,,
270,Подгол Пётр Александрович,,
271,Вершинина Юлия Николаевна,,
272,Хаткевич Юлия Анатольевна,,
273,Слепцова Елена Алексеевна,,
274,Сунцова Наталия Анатольевн,,
275,Лисичёнок Мария Петровна,,
276,Архипова Наталья Игоревна,,
277,Бесецкий Владимир Георгиевич,,
278,Дергачёв Андрей Александрович,,
279,Кутузов Андрей Викторович,,
280,Никитина Валентина Леонидовна,,375214492710
281,Субботина Татьяна Николаевна,,375214492714
282,Василенко Денис Геннадьевич,,
283,Мишута Оксана Николаевна,,
284,Плакса Зузанна Ивановна,,
285,Балико Виктор Иосифович,,
286,Санкович Наталия Сергеевна,,
287,Свитык Виктория Сергеевна,,
288,Колосовская Юлия Михайловна,,
289,Близнева Людмила Васильевна,,
290,Жукова Наталья Фёдоровна,,
291,Корытко Анатолий Викторович,,375215541437
292,Еловая Елена Михайловна,,375215956529
293,Доминич Рада Васильевна,,
294,Морозова Елена Кирилловна,,
295,Фенченко Жанна Анатольевна,,
296,Дядичкина Наталья Алексеевна,,
297,Талай Людмила Николаевна,,
298,Кацура Людмила Васильевна,,
299,Досова Инна Генадьевна,,
300,Котова Ирина Васильевна,,375213621803
301,Борисовец Наталья Иосифовна,,
302,Шкель Татьяна Владимировна,https://justbel.info/ActiveContent/articlesPdfs/747.pdf,
303,Зинькевич Фадей Анатольевич,,
304,Лаюшко Ольга Ивановна,,
305,Костогрызов Николай Евгеньевич,,
306,Коваль Василий Алексеевич,,
307,Заруба Татьяна Николаевна,,375213333441
308,Кручинина Иринуа Алексеевна,,
309,Папкова Анна Сергеевна,,
310,Дробыш Марина Анатольевна,,
311,Григорьева Наталья Евгеньевна,,375215252738
312,Толопило Надежда Ивановна,,
313,Табола Оксана Георгиевна,,375215461243
314,Берёзкин Василий Михайлович,,
315,Синицкая Елена Алексеевна,,
316,Унукович Екатерина Михайловна,,
317,Буянкова Леонора Михайловна,,
318,Такварова Ирина Александровна,,
319,Надточей Марина Владимировна,,375232337307
320,Андрейчик Жанна Петровна,,
321,Мартынов Евгений Владимирович,,
322,Каропа Сергей Николаевич,,
323,Шевцов Сергей Михайлович,,375232223502
324,Крупенкина Евдокия Алексеевна,,
325,Шамехин Алексей Васильевич,,
326,Камалыева Зинаида Михайловна,,
327,Белоусов Василий Леонидович,,
328,Камалыев Артем Сергеевич,,
329,Тозик Анатолий Николаевич,,
330,Доля Николай Иванович,,
331,Шитиков Сергей Алексеевич,,
332,Маратаев Николай Валентинович,,375232339002
333,Егорова Снежана Алексеевна,,
334,Сотников Анатолий Григорьевич,,
335,Пискунова Александр Евгеньевич,,
336,Бакунов Николай Николаевич,,
337,Дичковская Елена Григорьевна,,
338,Морозюк Виталий Валерьевич,,
339,Аземша Татьяна Яковлевна,,
340,Караженец Елена Федоровна,,
341,Трибуцкий Николай Константинович,,
342,Лисовский Александр Венедиктович,,375232349831
343,Сусаренко Алла Леонидовна,,
344,Денисова Вероника Станиславовна,,
345,Федорцов Дмитрий Александрович,,
346,Демьянчик Светлана Михайловна,,
347,Тишковский Павел Станиславович,,
348,Гапонов Артём Васильевич,,
349,Хамерман Ирина Владимировна,,
350,Скоблик Наталия Васильевна,,
351,Самофалов Владимир Николаевич,,
352,Батракова Татьяна Викторовна,,
353,Сергеенко Виктория Григорьевна,,
354,Сарнавская Наталья Николаевна,,375232349831
355,Новикова Валентина Ивановна,,
356,Волошиненко Юрий Георгиевич,,
357,Данченко Николай Анатольевич,,
358,Малая Елена Анатольевна,,
359,Федосова Ольга Сергеевна,,
360,Сытько Галина Михайловна,,375232336813
361,Порядина Анастасия Викторовна,,
362,Имполитова Ольга Владимировна,,
363,Черношей Галина Анатольевна,,
364,Одрибец Татьяна Ильинична,,375232343729
365,Календ Екатерина Александровна,,
366,Шапиро Олег Яковлевич,,375232343729
367,Свиридов Илья Сергеевич,,
368,Дебой Дмитрий Викторович,,
369,Сапоненко Людмила Владимировна,,
370,Царук Руслан Витальевич,,
371,Файзуллина Юлианна Фаридовна,,
372,Шершнёв Евгений Васильевич,,
373,Мальцев Сергей Николаевич,,375232343700
374,Хлыщенков Алексей Анатольевич,,
375,Гладышева Наталья Васильевна,,
376,Буйновец Светлана Викторовна,,
377,Козлов Дмитрий Петрович,,375232533813
378,Поправкин Андрей Анатольевич,,375232533813
379,Пискунова Ирина Викторовна,,
380,Новиков Сергей Павлович,,
381,Зинчук Александр Александрович,,
382,Манжос Артём Владимирович,,
383,Аскерко Дарья Геннадьевна,,
384,Козырев Виталий Васильевич,,
385,Лобунец Владимир Иванович,,375232294468
386,Жоров Юрий Владимирович,,
387,Святко Марина Борисовна,,
388,Ковбеня Виталий Александрович,,
389,Козыревич Лариса Николаевна,,375232294489
390,Мохорев Александр Николаевич,,
391,Капустин Анатолий Анатольевич,,
392,Белоусова Ольга Николаевна,,
393,Лагунович Андрей Александрович,,
394,Костюкевич Оксана Анатольевна,,
395,Кошкина Алина Владимировна,,375232294485
396,Зинькевич Элла Васильевна,,
397,Власов Сергей Алексеевич,,
398,Маныкина Наталья Александровна,,
399,Шайн Елена Анатольевна,,
400,Купрацевич Виктор Викторович,,
401,Шевструк Сергей Владимирович,,
402,Звонко Ирина Ивановна,,
403,Целуйко Андрей Николаевич,,
404,Козачек Виктор Адамович,,
405,Осипова Олеся Владимировна,,
406,Вороненко Ольга Викторовна,,
407,Пискунов Александр Евгеньевич,,
408,Карманович Сергей Иванович,,375296196851
409,Дмитренко Григорий Иванович,,
410,Соловский Сергей Александрович,,
411,Сужаев Александр Владимирович,,375232344310
412,Швец Татьяна Александровна,,
413,Ященко Алексей Петрович,,375234439497
414,Гавриленко Мария Анатольевна,,375234439443
415,Данич Святослав Анатольевич,http://www.budakosh.by/2019/02/predsedatelem-suda-buda-koshelevskog/,375233677479
416,Лупиченко Светлана Владимировна,,
417,Шубич Екатерина Аркадьевна,,
418,Скорин Константин Михайлович,,
419,Покровская Ольга Михайловна,,
420,Ницевская Елена Сергеевна,,
421,Можейко Светлана Юрьевна,,
422,Сычева Ольга Владимировна,,375233324771
423,Лукьянова Светлана Владимировна,,
424,Корнеевец Евгений Сергеевич,,375235420353
425,Сигай Александр Алексеевич,,
426,Крупник Екатерина Вячеславовна,,
427,Богданик Андрей Григорьевич,,375235321215
428,Аношко Александр Александрович,,
429,Глюза Анатолий Валентинович,,
430,Черная Анна Леонидовна,,
431,Прадун Ирина Васильевна,,375233436467
432,Ермольчик Елена Евгеньевна,,
433,Стефанович Татьяна Ричиардовна,,
434,Малашенко Виктор Сергеевич,,
435,Загоровская Валентина Александровна,,375233436443
436,Шевченко Олег Иванович,,
437,Ерофеев Евгений Николаевич,,
438,Сусло Андрей Сергеевич,,
439,Качалова Наталья Сергеевна,,
440,Рубахова Светлана Викентьевна,,
441,Асадчая Наталья Викторовна,,375233436417
442,Головенчик Снежана Анатольевна,,
443,Папеко Лидия Борисовна,,
444,Сапонова Валентина Владимировна,,
446,Ермальчик Елена Евгеньевна,,
447,Змушко Игорь Васильевич,,
448,Сильченко Инна Владимировна,,
449,Сергеевич Николай Васильевич,,
450,Воронина Наталья Владимировна,,
451,Мицуля Владимир Васильевич,,
452,Загвоздина Галина Владимировна,,375234539310
453,Барановский Александр Иванович,,375234539307
454,Карпенко Галина Ивановна,,375233721543
455,Авсейцев Андрей Викторович,,
456,Фещенко Надежда Федоровна,,
457,Романовская Елена Михайловна,,375235650543
458,Цалков Иван Петрович,,375234742329
459,Белоножко Янина Раймондовна,,
460,Музыченко Антонина Анатольевна,,
461,Антошук Иван Маркович,,
462,Клеймюк Юрий Евгеньевич,,
463,Белорусов Владимир Николаевич,,
464,Алехин Сергей Анатольевич,,
465,Град Александр Дмитриевич,,
466,Буглак Марина Николаевна,,
467,Стрельченко Анатолий Николаевич,,375236251955
468,Новикова Валентина Петровна,,
469,Ермоленко Элеонора Леонидовна,,375236251961
470,Мазай Дмитрий Иванович,,375236251962
471,Книжонок-Максимова Галина Сергеевна,,
472,Мищенко Юлия Игоревна,,
473,Кучерова Татьяна Леонидовна,,
474,Ваврентович Александр Николаевич,,375235544016
475,Акулова Татьяна Васильевна,,
476,Василевский Владимир Александрович,,
477,Гормаш Людмила Брониславовна,,375235754206
478,Савостянова Людмила Анатольевна,,
479,Костюченко Олег Владимирович,,375235054559
480,Кацуба Марина Владимировна,,
481,Воинова Мария Александровна,,
482,Бобырев Вадим Сергеевич,,
483,Литвинюк Лариса Леонидовна,,
484,Калиновская Елена Владимировна,,
485,Шевель Геннадий Владимирович,,375234021835
486,Ивличева Ирина Олеговна,,
487,Иванютенко Станислав Владимирович,,
488,Быханькова Ксения Александровна,,
489,Шурпо Светлана Сергеевна,,
490,Пырх Светлана Ивановна,,
491,Крайников Александр Николаевич,,
492,Соломейчук Василий Владимирович,,
493,Рубисов Николай Данилович,,
494,Малашкевич Ирина Михайловна,,
495,Зыль Ирина Николаевна,,
496,Домасевич Марина Георгиевна,https://justbel.info/ActiveContent/articlesPdfs/747.pdf,375233937492
497,Алисейко Ирина Александровна,,
498,Белойчук Наталья Николаевна,,
499,Свидунович Галина Николаевна,,
500,Седько Людмила Васильевна,,
501,Володькин Александр Иванович,,
502,Русаков Дмитрий Александрович,,
503,Багинский Сергей Викторович,,375234248847
504,Гулевич Галина Николаевна,,
505,Купрейчик Леонид Вячеславович,,375234622313
506,Гаращенко Михаил Иванович,,
507,Кардаш Андрей Геннадьевич,,
508,Крикун Юрий Васильевич,,
509,Цыганок Петр Петрович,,
510,Прокопенко Владимир Сергеевич,,
511,Лучковская Елена Павловна,,
512,Колесник Александр Алексеевич,,
513,Пипко Сергей Николаевич,,
514,Романовский Валерий Яцентович,,
515,Гринкевич Александр Антонович,,
516,Корецкий Юрий Мирославович,,
517,Ермак Игорь Анатольевич,,
518,Корзун Александр Анатольевич,,375152395721
519,Долгошей Светлана Ивановна,,
520,Лихач Андрей Андреевич,,
521,Полякова Лариса Валентиновна,,
522,Кулеш Виталий Эдвардович,,
523,Бандык Пётр Петрович,,
524,Тимофеевич Валерий Иванович,https://justbel.info/ActiveContent/articlesPdfs/747.pdf,
525,Кот Денис Витальевич,,
526,Баклажец Юлия Петровна,,375152790601
527,Рослик Мирина Валерьевна,,
528,Ломаник Дмитрий Михайлович,,
529,Лях Сергей Иванович,,375152790601
530,Король Эдуард Леонтьевич,http://oktue.ihb.by/827-buduschee-belarusi-eto-my-pod-takim-nazvaniem-20122018-v-uchrezhdeniyah-obschego-srednego-obrazovaniya-rayona-proshel-edinyy-den-informirovaniya-uchaschihsya.html,
531,Цветков Алексей Иванович,,
532,Заблоцкая Кристина Ивановна,,
533,Карих Наталья Валерьевна,,
534,Добранов Владимир Николаевич,,
535,Валдайцев Денис Станиславович,,375152790601
536,Костюкевич Валерий Евгеньевич,,
537,Дерябина Евгения Эдуардовна,,
538,Леусик Анна Борисовна,,375152430661
539,Чилеко Анна Вацлавовна,,375152681632
540,Малявко Майя Евгеньевна,,
541,Лецко Виталий Ксенофонтович,,
542,Шуманская Ольга Юрьевна,,
543,Казакевич Юрий Витальевич,,
544,Соболева Наталья Васильевна,,
545,Прокопик Анатолий Михайлович,,
546,Жуковская Людмила Константиновна,,
547,Козел Наталья Григорьевна,,
548,Янковский Владимир Николаевич,,375152414187
549,Мазайло Геннадий Александрович,,
550,Бовсук Алла Ивановна,,
551,Жолнерчик Любовь Васильевна,,
552,Сергей Казимир Казимирович,,
553,Бубенчик Дмитрий Витальевич,,
554,Гурин Руслан Александрович,,
555,Кобринец Дмитрий Петрович,,
556,Петрова Елена Александровна,,
557,Борель Лариса Викторовна,,
558,Лабоцкий Виталий Николаевич,,
559,Кедаль Дмитрий Иванович,,
560,Слащев Сергей Александрович,,
561,Стасюкевич Ксения Степановна,,
562,Чекрыжовка Татьяна Вячеславовна,,
563,Шпак Валерий Иосифович,,
564,Казакевич Генрих Феликсович,,
565,Бекушева Ольга Анатольевна,,
566,Романишко Денис Сергеевич,,
567,Толстик-Самойло Елена Александровна,,
568,Шейна Юлия Викторовна,,
569,Тракелевич Анна Константиновна,,
570,Климова Татьяна Викторовна,,
571,Гергель Татьяна Владимировна,,
572,Ситько Александр Михайлович,,
573,Мохань Валентина Антоновна,,
574,Барцевич Зинаида Ивановна,,375152414520
575,Хихол Руслан Эдуардович,,
576,Шанин Дмитрий Вячеславович,,
577,Толочко Андрей Валентинович,http://berestovitsa.grodno-region.by/ru/court-ru/,375151121546
578,Исаева Людмила Петровна,,
579,Борейко Валерий Николаевич,,375151266131
580,Королевич Анна Витольдовна,,
581,Шукайло Татьяна Александровна,,
582,Дивнель Леонард Леонардович,,
583,Глотько Рита Иосифовна,,375159420879
584,Циунчик Виктор Иосифович,,
586,Лобан Наталья Евгеньевна,,
587,Семуха Сергей Михайлович,,
588,Степанова Наталия Викторовна,,375156474475
589,Жук Люция Казимировна,,
590,Толстик Александр Александрович,,
591,Радюк Владимир Владимирович,,
592,Артиш Янина Станиславовна,,
593,Кохановская Мария Станиславовна,,375159521057
594,Каско Ирина Васильевна,,
595,Сенько Виктор Антонович,,375159672703
596,Веленто Валерий Иванович,,
597,Ковалева Ольга Чеславовна,,
598,Мацук Вячеслав Анатольевич,,375154646601
599,Бальцевич Елена Викторовна,,
600,Кошко Игорь Леонидович,,
601,Ярмакович Наталья Владимировна,,
602,Филатов Максим Юрьевич,,
603,Полякова Наталья Ростиславовна,,
605,Синило Виталий Викторович,,375151564884
606,Ковальчук Ольга Владимировна,,
607,Савко Надежда Петровна,,
608,Хижняк Елена Иосифовна,,
609,Тарас Екатерина Фёдоровна,,
610,Юрчик Ольга Михайловна,,
611,Кевляк Людмила Тадеушевна,,
612,Волчок Игорь Николаевич,,
613,Олехнович Василий Петрович,,375159734280
614,Раткевич Александр Викторович,,
615,Лабор Светлана Викентьевна,,375159172006
616,Богданович Дмитрий Владимирович,,
617,Демещик Александр Викторович,,
618,Давыдов Александр Георгиевич,,375159344547
619,Казакевич Виталий Григорьевич,,
620,Шилин Александр Сергеевич,,
621,Цыбульский Валерий Светославович,,375151334764
622,Манько Сергей Александрович,,
623,Радионик Наталья Фёдоровна,,
624,Медведь Михаил Михайлович,,
625,Ластовский Иван Стефанович,,
626,Дубровский Вадим Игоревич,,
627,Онуфреня Оксана Владимировна,,
628,Соловей Жанна Ивановна,,
629,Ярмолик Александр Иванович,,
630,Домарад Дмитрий Анатольевич,,
631,Болондь Сергей Чеславович,,
632,Михневич Людмила Эдвардовна,,
633,Страшкевич Вита Станиславовна,,
634,Киндра Алина Фёдоровна,,
635,Петрова Людмила Григорьевна,,375159229245
636,Голубович Максим Леонидович,,
637,Тодорова Ирина Владиславовна,,375151428369
638,Циунчинко Дмитрий Викторович,,
639,Бачище Елена Валерьевна,,
640,Жечко Павел Николаевич,,
641,Мисник Елена Михайловна,,
642,Рунов Геннадий Владимирович,,
643,Арешко Владимир Викторович,,
644,Тулейко Вячеслав Иванович,https://justbel.info/ActiveContent/articlesPdfs/747.pdf,
645,Далинчук Светлана Фёдоровна,,
646,Клещенок Геннадий Фёдорович,,
647,Трубач Раиса Владимировна,,
648,Комеля Геннадий Аркадьевич,,
649,Крайко Валерий Петрович,,
650,Станкевич Иосиф Чеславович,,
651,Дунаева Марина Чеслаловна,,
652,Короткевич Валентина Вадимовна,,
653,Левкович Алексей Михайлович,,375172224039
654,Вердыш Валентин Алексеевич,,375172224039
655,Клещенок Оксана Сергеевна,,
656,Лапеко Олег Игоревич,,
657,Гончар Светлана Валерьевна,,
658,Херовец Наталья Викторовна,,
659,Майко Ирина Леонидовна,,
660,Корнов Владимир Владимирович,,
661,Данилова Анжелика Николаевна,,
662,Епихов Сергей Александрович,,
663,Буякевич Ирина Васильевна,,
664,Староказников Александр Юрьевич,,
665,Выдрина Оксана Олеговна,,
666,Козлов Евгений Викторович,,
667,Фроленкова Лариса Андреевна,,
668,Шупиков Андрей Валентиновича,,
669,Алехнович Наталья Васильевна,,
670,Гучка Владимир Иосифович,,
671,Молостова Наталья Станиславовна,,375173234890
672,Байдан Людмила Геннадьевна,,
673,Еленский Руслан Сергеевич,,
674,Гордейчук Денис Николаевич,,
675,Панада Александр Петрович,,
676,Янцевич Александр Брониславович,,
677,Максимович Эдуард Владимирович,,375173234890
678,Симахин Юрий Михайлович,,
679,Поляк Людмила Сергеевна,,
680,Березкин Вадим Викторович,,
681,Минич Алексей Николаевич,,
682,Бутько Андрей Валерьевич,,
683,Мардышева Марина Владимировна,,
684,Шпак Ирина Николаевна,,
685,Королева Оксана Сергеевна,,
686,Далинчук Александр Сергеевич,,
687,Васьковский Сергей Альбертович,,
688,Янович Зинаида Николаевна,,
689,Кольцов Андрей Леонидович,,
690,Шаринская Анна Николаевна,,
691,Колбасов Роман Александрович,,375173234890
692,Дыль Олеся Валерьевна,,
693,Ткачук Сергей Иванович,,
694,Афонский Сергей Николаевич,http://jurcatalog.by/news/46418/sergej-afonskij-sudya-eto-chelovek-bespristrastnyj,
695,Хованский Александр Францевич,,
696,Ряузова Диана Ивановна,,
697,Никитина Наталья Анатольевна,,
698,Котишова Александра Александровна,,
699,Гурьева Елена Александровна,,375173730484
700,Мазур Екатерина Ивановна,,
701,Хомич Павел Андреевич,,
702,Казей Вадим Анатольевич,,
703,Лавровская Ольга Иосифовна,,
704,Игликов Игорь Игоревич,,375173550491
705,Новикова Екатерина Сергеевна,,
706,Шевцов Виктор Герасимович,,
707,Карпейчик Надежда Николаевна,,
708,Киеня Ольга Владимировна,,
709,Кропачев Алексей Александрович,,
710,Конончук Николай Константинович,,375173544699
711,Красуцкий Георгий Вячеславович,,
712,Герьева Елена Александровна,,
713,Шевченко Елена Павловна,,
714,Горелов Николай Витальевич,,
715,Бирилло Андрей Олегович,,
716,Колобов Антон Олегович,,
717,Геращенко Надежда Алексеевна,,
718,Глебов Глеб Анатольевич,,
719,Езерская Анна Ивановна,,
720,Степурко Владимир Михайлович,,
721,Кропивко Алла Львовна,,
722,Черепанова Светлана Анасовна,,375296574790
723,Лапко Максим Фёдорович,,
724,Хаткевич Евгений Викторович,,
725,Симахина Любовь Сергеевна,,
726,Григорович Владимир Владимирович,,
727,Жулковская Татьяна Васильевна,,
728,Рудницкая Елена Борисовна,,
729,Бычко Алексей Викторович,,
730,Орлов Петр Александрович,,
731,Чадюк Евгений Александрович,,375298741359
732,Козлова Марина Владимировна,,
733,Брысина Жанна Леонидовна,,
734,Ромашевская Ольга Анатольевна,,375173089054
735,Русак Артем Владимирович,,
736,Шемет Елена Васильевна,,
737,Бондаренко Сергей Владимирович,,
738,Зайцева Виктория Геннадьевна,,
739,Николаев Сергей Вячеславович,,375173089054
740,Пыкина Наталья Михайловна,,
741,Фальковская Татьяна Николаевна,,
742,Семак Елена Николаевна,,
743,Ананич Елена Николаевна,,
744,Цыкала Дмитрий Юрьевич,,
745,Соловьева Зоя Станиславовна,,
746,Беляшева Татьяна Александровна,,
747,Головкова Вера Михайловна,,
748,Дорощенок Татьяна Дмитриевна,,
749,Кучук Дина Валентиновна,,
750,Писаревич Евгений Викторович,,
751,Шестаков Юрий Валерьевич,,
752,Назаренко Василий Андреевич,,
753,Ревинская Татьяна Владимировна,,
754,Ермолович Татьяна Евгеньевна,,
755,Коршунович Павел Иванович,,375173089054
756,Комиссаров Валерий Николаевич,,
757,Хробастов Владимир Иванович,,
758,Воловик Зинаида Никоноровна,,
759,Барановский Андрей Федорович,,
760,Жданович Игорь Николаевич,,
761,Михайлова Татьяна Владимировна,,
762,Красногирь Наталья Спартаковна,,
763,Курадовец Сергей Аркадьевич,,
764,Брагин Александр Владимирович,,
765,Плотников Андрей Владимирович,,
766,Грушецкий Юрий Казимирович,,
767,Мойсейчик Иван Григорьевич,,
768,Мурашкин Игорь Игоревич,,
769,Синкевич Ольга Николаевна,,
770,Карамышев Александр Владимирович,,
771,Швед Светлана Михайловна,,
772,Мельникова Елена Игнатьевна,,
773,Кизевич Татьяна Александровна,,
774,Сосонко Артём Михайлович,,
775,Попко Анастасия Павловна,,
776,Русецкий Алексей Павлович,,
777,Филонов Александр Валерьевич,,
778,Курадовцев Сергей Аркадьевич,,
779,Ермоленкова Ирина Валерьевна,,
780,Койро Эрнест Андреевич,,
781,Шпилевская Екатерина Александровна,,
782,Добровольский Донат Александрович,,
783,Олешкевич Андрей петрович,,
784,Есьман Екатерина Вячеславовна,,
785,Мысливец Наталия Генриховна,,
786,Шкутько Елена Александровна,,
787,Земцов Олег Александрович,,
788,Касьянчик Алеся Владимировна,,
789,Крук Елена Владимировна,,
790,Язвинский Дмитрий Вячеславович,,
791,Крук Наталья Александровна,,
792,Паутов Александр Михайлович,,
793,Драбудько Алина Игоревна,,
794,Пигуль Анна Михайловна,,
795,Сакович Алексей Сергеевич,,
796,Сапега Татьяна Николаевна,,
797,Скурчинская Кристина Валерьевна,,
798,Смирнова Алла Михайловна,,
799,Товкач Дмитрий Валерьевич,,
800,Тупик Татьяна Викторовна,,375173089054
801,Ханевский Александр Александрович,,
802,Дроздовская Кэтрин Дениза Мигель Анхель,,
803,Зайцева Наталия Анатольевна,,
804,Рыбалкин Андрей Викторович,,
805,Кулаковский Сергей Леонтьевич,,
806,Клюйко Олег Владимирович,,
807,Угрин Алексей Сергеевич,,
808,Баранова Елена Николаевна,,
809,Дубовская Анастасия Николаевна,,
810,Гашкова Ольга Валерьевна,,
811,Марчук Светлана Ивановна,,
812,Никитин Сергей Николаевич,,
813,Якубицкая Екатерина Геннадьевна,,
814,Троцюк Татьяна Ивановна,,
815,Трепашко Татьяна Васильевна,,
816,Самойло Николай Федорович,,80177566563
817,Муковозчик Анна Николаевна,,
818,Шемпель Елена Ивановна,,
819,Пенкрат Оксана Анатольевна,,
820,Король Николай Вячеславович,,
821,Сытько Дмитрий Олегович,,
822,Деревянко Татьяна Михайловна,,
823,Пасюк Ирина Анатольевна,,
824,Стригалева Нина Михайловна,,
825,Абрамович Ольга Викторовна,,
826,Юдилевич Виктория Петровна,,
827,Манышев Евгений Вадимович,,
828,Самусева Светлана Николаевна,,375177786912
830,Кривело Дмитрий Вадимович,,
831,Курганова Елена Игоревна,,
832,Шиман Татьяна Леонидовна,,
833,Бардович Игорь Михайлович,,
834,Буфтяк Ольга Николаевна,,
835,Барсова Валерия Петровна,,
836,Войтко Инна Михайловна,,375177786915
837,Вусик Наталия Анатольевна,,
838,Баранова Светлана Алексеевна,,
839,Борис Татьяна Викторовна,,375177155478
840,Ахметова Елена Николаевна,,375177156143
841,Колядов Константин Петрович,,375177153088
842,Хаткевич Елена Владимировна,,
843,Зенько Анатолий Васильевич,,
844,Нестеревская Татьяна Сергеевна,,375177254418
845,Якутович Ирина Александровна,,
846,Федоровичев Юрий Александрович,,
847,Крылович Роман Вячеславович,,375171668563
848,Крупец Сергей Николаевич,,
849,Федчук Татьяна Ивановна,,
850,Бакунович Ирина Анатольевна,,
851,Любанец Тамара Леонидовна,,
852,Гостеева Елена Михайловна,,375179362636
853,Кисель Елена Сергеевна,,375171955606
854,Карпучок Татьяна Николаевна,,375171955582
855,Майстренко Татьяна Александровна,,
856,Сивакова Любовь Станиславовна,,375179656764
857,Саттарова Ольга Николаевна,,
858,Хома Ольга Васильевна,,
859,Стреж Эмилия Викторовна,,
860,Рыбаков Александр Валерьевич,,375177478448
861,Микулич Любовь Сергеевна,,
862,Ераховец Лариса Николаевна,,
863,Сиз Андрей Николаевич,,375179467172
864,Конева Светлана Аркадьевна,,
865,Южик Инесса Михайловна,,
866,Литвинович Сергей Георгиевич,,
867,Абрамович Мария Марьяновна,,
868,Юревич Лариса Леоновна,,
869,Барейко Денис Васильевич,,
870,Гаранович Игорь Александрович,,
871,Иршин Алексей Валерьевич,,375296406409
872,Полещук Виктория Васильевна,,
873,Голец Татьяна Геннадьевна,,
874,Кохановская Инна Валерьевна,,
875,Синявский Дмитрий Владимирович,,375176723838
876,Коваленок Татьяна Николаевна,,
877,Дубовик Ольга Анатольевна,,
878,Кажуро Анна Фёдоровна,,
879,Герман Наталья Валерьевна,,
880,Логачёв Олег Викторович,,
881,Малевич Игорь Яковлевич,,375179727264
882,Мисюк Елена Вацлавовна,,
883,Гвозд Дмитрий Александрович,,375177020488
884,Крупец Ольга Владимировна,,
885,Рахуба Анастасия Юрьевна,,
886,Бабук Ольга Владимировна,,
887,Василевский Сергей Вячеславович,,375171360520
888,Лиморова Анна Сергеевна,,
889,Гаврилюк Надежда Ивановна,,
890,Войтенкова Инна Иосифовна,,
891,Макаренко Наталия Викторовна,,
892,Бондарь Ирина Аркадьевна,,
893,Нестеров Валерий Григорьевич,,
894,Скриган Юрий Валентинович,,
895,Майхерская Александра Александровна,,
896,Шутко Александр Александрович,,
897,Тарасюк Александр Леонидович,,
898,Зубарь Людмила Никодимовна,,375179561207
899,Люцко Татьяна Фёдоровна,,
900,Адамицкая Людмила Николаевна,,
901,Нарута Жанна Анатольевна,,
902,Борисовец Людмила Викторовна,,
903,Галезник Александр Михайлович,,
904,Павленко Юлия Васильевна,,375177786998
905,Жакевич Марина Феликсовна,,375177629520
906,Борисенко Анастасия Григорьевна,,
907,Бородич Лина Ивановна,,
908,Казловский Александр Евгеньевич,,
909,Яковлева Людмила Михайловна,,
910,Ероховец Павел Николаевич,,
911,Прокопович Ольга Ивановна,,375297683485
912,Борисенко Егор Александрович,,
913,Астрейко Людмила Иосифовна,,
914,Лапина Валентина Николаевна,,
915,Сарахман Оксана Дмитриевна,,375296441640
916,Горшкова Юлия Вячеславовна,,
917,Трофимчук Алла Александровна,,375174260272
918,Блоцкий Юрий Михайлович,,
919,Холодок Наталья Аркадьевна,,375174260275
920,Рябой Валерий Александрович,,
921,Лучинович Светлана Валерьевна,,
922,Буравцов Александр Иванович,,375174260273
923,Зыблюк Оксана Сергеевна,,
924,Середенко Алеся Михайловна,,
925,Филатова Диана Геннадьевна,,
926,Зык Наталья Александровна,,375179258500
927,Судник Виктория Вячеславовна,,
928,Шутько Людмила Георгиевна,,375171750208
929,Новик Николай Николаевич,,
930,Кривов Андрей Валерьевич,,
931,Алехнович Ирина Геннадьевна,,
932,Глебко Татьяна Казимировна,,
933,Костриков Александр Иванович,,375171865478
934,Лещун Ольга Владимировна,,375171851726
935,Тарасик Наталья Владимировна,,375171459537
936,Закржевская Виолетта Игоревна,,
937,Земцов Игорь Федорович,,
938,Тропынина Юлия Станиславовна,,
939,Романов Александр Петрович,,375222629026
940,Стальмахова Светлана Ивановна,,
941,Шведов Андрей Викторович,,
942,Королев Сергей Алексеевич,,
943,Кичигин Денис Александрович,,
944,Ланчева Ирина Рамизовна,,
945,Моисеенко Евгений Михайлович,,
946,Трифонова Ирина Константиновна,,
947,Яковлев Алексей Николаевич,,
948,Картавенко Елена Валерьевна,,
949,Карапетян Татьяна Станиславовна,,
950,Прошко Игорь Брониславович,,375222629026
951,Буряко Светлана Викторовна,,375222629026
952,Домрич Тамара Тимофеевна,,
953,Конев Сергей Анатольевич,,375222629026
954,Рутковский Юрий Иванович,,
955,Войтенкова Екатерина Артёмовна,,
956,Жилина Светлана Петровна,,
957,Теплова Ирина Леонидовна,,
958,Трамбачев Владимир Владимирович,,
959,Гашпар Татьяна Валентиновна,,375222292727
960,Мелешко Александр Иванович,,
961,Павлова Екатерина Геннадьевна,,
962,Роговцова Елена Александровна,,
963,Горовец Валентина Владимировна,,
964,Навитанюк Лариса Ивановна,,
965,Лаптенок Марина Петровна,,
966,Костяникова Анна Леонидовна,,
967,Коннова Жанна Львовна,,
968,Плиско Алла Ивановна,,
969,Корень Татьяна Анатольевна,,
970,Богуславский Виктор Валерианович,,
971,Голубович Наталья Анатольевна,,
972,Новиков Владимир Михайлович,,
973,Моисеева Лилия Николаевна,,
974,Ананич Татьяна Геннадьевна,,
975,Подчищалова Надежда Васильевна,,
976,Половцев Андрей Сергеевич,,
977,Перепёткин Виталий Валерьевич,,
978,Ковпаев Сергей Сергеевич,,
979,Ковалев Сергей Николаевич,,375222292727
980,Адамова Тамара Владимировна,,
981,Рубис Нина Ивановна,,
982,Бобко Людмила Петровна,,
983,Полуян Ольга Владимировна,,375222322159
984,Холодцов Александр Анатольевич,,
985,Курпаченко Максим Сергеевич,,
986,Гулешова Елена Ивановна,,
987,Рубис Татьяна Николаевна,,375222704540
988,Ратникова Оксана Евгеньевна,,
989,Полякова Виктория Николаевна,,
990,Врублевская Ксения Владимировна,,
991,Литвина Елена Васильевна,,
992,Лопатина Валентина Степановна,,375222704546
993,Кулешова Оксана Петровна,,
994,Дроздова Ольга Владимировна,,
995,Гаврилюк Нина Ивановна,,
996,Понасенко Наталья Валерьевна,,
997,Бушкевич Александр Сергеевич,,
998,Рахманенко Татьяна Викторовна,,
999,Акуленко Дмитрий Александрович,,
1000,Туленкова Анна Михайловна,,
1001,Кужелева Галина Александровна,,
1002,Моисеенко Юрий Евгеньевич,,
1003,Мазуров Валерий Владимирович,,375222253785
1004,Селедцова Елена Викторовна,,375222322160
1005,Пушкина Жанна Валерьевна,,
1006,Иванков Александр Иванович,,375222310037
1007,Ковалева Галина Григорьевна,,
1008,Заричнюк Ольга Владимировна,,
1009,Давыдко Татьяна Викторовна,,375222323121
1010,Готовчик Ольга Валерьевна,,
1011,Костюк Роман Львович,,
1012,Кравченко Ольга Викторовна,,
1013,Канцедал Наталья Викторовна,,
1015,Шепетова Виктория Владимировна,,
1016,Михайлова Татьяна Сергеевна,,
1017,Лукашевич Валентина Васильевна,,
1018,Секретарева Татьяна Анатольевна,,
1019,Ларионова Маргарита Сергеевна,,
1020,Умаров Магомед Хайбулаевич,,
1021,Ясенко Наталья Михайловна,,
1022,Черепухо Наталья Ивановна,,
1023,Лосев Владимир Анатольевич,,
1024,Семенюк Николай Сергеевич,,
1025,Карповская Тамара Ивановна,,
1026,Шелягина Марина Витальевна,,
1027,Шегеда Наталья Игоревна,,
1028,Корнева Нина Григорьевна,,
1029,Артюхович Яна Николаевна,,
1030,Кренжиевский Дмитрий Сергеевич,,
1031,Осипенко Анна Михайловна,,
1032,Некрасова Екатерина Александровна,,
1033,Красутский Артур Анатольевич,,375225721975
1034,Кураленко Игорь Сергеевич,,
1035,Круголь Инна Андреевна,,
1036,Манкевич Елена Евгеньевна,,375225721967
1037,Серякова Ольга Семеновна,,
1038,Булацкая Алеся Александровна,,
1039,Ярмошевич Елена Сергеевна,,
1040,Литвин Андрей Евгеньевич,,
1041,Сафонова Вероника Олеговна,,
1042,Галковский Василий Александрович,,
1043,Тарабуева Татьяна Евгеньевна,,
1044,Иванькова Галина Васильевна,,
1045,Петухов Сергей Олегович,,375225721953
1046,Дудаль Антон Геннадьевич,,
1047,Щегельская Татьяна Михайловна,,
1048,Германова Анна Викторовна,,
1049,Загорская Оксана Владимировна,,
1050,Павлова Валентина Амановна,,
1051,Станкевич Наталья Валерьевна,,
1052,Морозов Александр Леонидович,,
1053,Жолудев Владимир Анатольевич,,
1054,Малашенок Ирина Михайловна,,
1055,Чайков Александр Михайлович,,
1056,Гудыно Дмитрий Юрьевич,,
1057,Дудченкова Ирина Николаевна,,
1058,Семашко Марина Евгеньевна,,375223149585
1059,Галынский Сергей Алексеевич,,
1060,Головнёва Ольга Александровна,,
1061,Долгих Нина Васильевна,,375223079101
1062,Чаплыгина Ирина Васильевна,,
1063,Воробьёва Елена Михайловна,,
1064,Ляшенко Станислав Владимирович,,
1065,Зайцев Александр Александрович,,
1066,Волков Виталий Николаевич,,375223348459
1067,Пигаль Борис Владимирович,,
1068,Новикова Людмила Владимировна,,375224871810
1069,Березюк Юлия Анатольевна,,375223777478
1070,Климов Алексей Александрович,,
1071,Иваненко Татьяна Александровна,,
1072,Елисеенко Татьяна Игоревна,,
1073,Голочевский Олег Иванович,,
1074,Гуринович Ирина Александровна,,
1075,Балябин Алексей Викторович,,375223678182
1076,Латышев Алексей Александрович,,
1077,Корзо Лариса Васильевна,,
1078,Комар Александр Васильевич,,
1079,Андросенко Валентина Ивановна,,375224523274
1080,Жмейдо Виктор Семенович,,
1081,Дворяченко Сергей Владимирович,,375223878977
1082,Браусов Михаил Григорьевич,,
1083,Шматкова Екатерина Николаевна,,
1084,Прохоров Сергей Сергеевич,,
1085,Азаренко Елена Викторовна,,375224151415
1086,Качанова Антонина Васильевна,,
1087,Ветерец Марина Петровна,,
1088,Сосновский Дмитрий Иванович,,375223472055
1089,Марченко Елена Владимировна,,375224021027
1090,Лукша Галина Георгиевна,,
1091,Морозов Сергей Витальевич,,
1092,Соловьева Елена Владимировна,,
1093,Сивец Светлана Петровна,,
1094,Дворецкая Виктория Викторовна,,
1095,Лопатина Ольга Александровна,,
1096,Русак Александр Михайлович,,
1097,Шитина Галина Николаевна,,375223551467
1098,Божков Андрей Николаевич,,
1099,Курилин Александр Михайлович,,375224675267
1100,Пискунов Виталий Викторович,,
1101,Парфененко Алеся Александровна,,
1102,Королько Елена Михайловна,,375224277394
1103,Цикунова Елена Евгеньевна,,375224373221
1104,Кравцова Екатерина Владимировна,,
1105,Баранцева Светлана Николаевна,,
1106,Силивестров Сергей Михайлович,,
1107,Тараканов Александр Николаевич,,375223995435
1108,Мокштарева Анна Леонидовна,,
1109,Савчук Марина Александровна,,375173305107
1110,Мурашко Екатерина Николаевна,,
1111,Капцевич Елена Вячеславовна,,
1112,Гедранович Людмила Иосифовна,,
1113,Осипчик Анастасия Владимировна,,
1114,Улог Мария Александровна,,
1115,Шаграй Рита Петровна,,375173305102
1116,Татарицкая Юлия Александровна,,
1117,Костюкевич Анжела Евгеньевна,,
1118,Романова Екатерина Николаевна,,
1119,Остапенко Дмитрий Андреевич,,
1120,Авчинко Леонид Иванович,,
1121,Валевич Любовь Александровна,,
1122,Бортник Валентина Никифоровна,,
1123,Шотик Татьяна Викторовна,,
1124,Адамович Оксана Юрьевна,,
1125,Шут Юлия Степановна,,
1126,Плотникова Светлана Леонидовна,,
1127,Минич Анастасия Станиславовна,,
1128,Климчук Марина Александровна,,
1129,Инчина Юлия Николаевна,,
1130,Громович Марина Валентиновна,,
1131,Ачалова Анастасия Васильевна,,
1132,Коцур Ольга Владимировна,,
1133,Кухарева Екатерина Ивановна,,
1134,Тупик Вера Михайловна,,
1135,Ковяко Юлия Владимировна,,
1136,Щербакова Юлия Александровна,,
1137,Кисляк Алексей Игоревич,,
1138,Шодор Ольга Павловна,,
1139,Камушкин Андрей Михайлович,,
1140,Бролишс Ирена Язеповна,,375173786386
1141,Денкевич Андрей Казимирович,,375172506367
1142,Маргайлик Дарья Владимировна,,
1143,Новицкая Надежда Фёдоровна,,
1144,Грачева Людмила Андреевна,,
1145,Запасник Марина Святославовна,,375173105708
1146,Попеко Людмила Михайловна,,
1147,Ярошевич Оксана Юрьевна,,
1148,Черняк Елена Леонидовна,,
1150,Смолина Светлана Викторовна,,
1151,Кацер Сергей Александрович,,
1152,Андросова Алина Николаевна,,
1153,Фролова Елена Геннадьевна,,
1154,Пинчук Александра Михайловна,,
1155,Антипчук Полина Николаевна,,
1156,Бондаренко Светлана Александровна,,375172770213
1157,Листратенко Ольга Петровна,,
1158,Варакса Юлия Владимировна,,
1159,Машкетов Юрий Викторович,,
1160,Телица Лидия Федоровна,,
1161,Кособуцкая Инна Анатольевна,,
1162,Супрун Дмитрий Игоревич,,375172770215
1163,Сезин Юрий Васильевич,,
1165,Хвеженко Михаил Валериевич,,
1166,Мотыль Татьяна Ярославовна,,
1167,Пирожникова Татьяна Валерьевна,,
1168,Гусакова Ольга Аркадьевна,,375172770220
1169,Малькова Татьяна Николаевна,,
1170,Кузнецова Наталья Анатольевна,,
1171,Солопан Светлана Александровна,,
1172,Яловая Инна Александровна,,
1173,Кравченко Ольга Васильевна,,
1174,Любецкая Светлана Анатольевна,,
1175,Бируля Ольга Анатольевна,,375172726417
1176,Рудик Виктор Владимирович,,
1177,Прокопович София Васильевна,,
1178,Абакунчик Алла Бюкбаловна,,
1179,Митрахович Ирина Алексеевна,,
1180,Дешева Валентина Анатольевна,,
1181,Босько Ирина Вацлавовна,,
1182,Пучкова Олеся Валерьевна,,
1183,Карнейчик Анастасия Александровна,,
1184,Неборская Ольга Сергеевна,,375333222840
1185,Живица Елена Александровна,,375296129568
1186,Макаревич Светлана Юрьевна,,375173786355
1187,Грекова Валентина Михайловна,,
1188,Руденко Александр Анатольевич,,375172496419
1189,Яворская Наталия Сергеевна,,
1190,Подгородецкая Вероника Геннадьевна,,
1191,Лапаева Ангелина Дмитриевна,,
1192,Шутько Наталья Андреевна,,
1194,Ветлугина Екатерина Сергеевна,,
1195,Лавринович Ольга Анатольевна,,
1196,Чумак Олеся Валерьевна,,
1197,Белянин Виктор Владимирович,,
1198,Протосовицкая Наталья Владимировна,,
1199,Урбан Дарья Николаевна,,
1201,Волчкова Марианна Леонидовна,,
1202,Басалыга Татьяна Александровна,,
1203,Дедкова Наталья Анатольевна,,375297802236
1204,Липневич Николай Николаевич,,
1205,Павловская Ольга Антоновна,,375173796426
1206,Кочик Александр Васильевич,,375172726442
1207,Макаревич Михаил Викторович,,
1208,Чайко Екатерина Владимировна,,
1209,Хома Михаил Иванович,,375172260181
1210,Олейникова Татьяна Владимировна,,
1212,Линник Татьяна Александровна,,
1213,Черепович Светлана Иосифовна,,
1214,Петух Наталья Анатольевна,,375172808311
1215,Богомья Ольга Михайловна,,
1216,Сергей Александр Леонидович,,375172817504
1217,Дреко Ольга Михайловна,,
1218,Трусевич Максим Леонидович,,375298509584
1219,Высоцкая Тамара Александровна,,375172857811
1220,Сидорок Инна Владимировна,,
1221,Игнатьева Анна Игоревна,,
1222,Лейковская Анастасия Михайловна,,
1223,Лободин Павел Олегович,,
1224,Свиридович Оксана Владимировна,,
1225,Ермоленков Леонид Федорович,,
1226,Масальская Татьяна Владимировна,,
1227,Ермоленкова Леонид Федорович,,
1228,Кулик Анастасия Дмитриевна,,
1229,Рогачевская Анастасия Васильевна,,
1230,Алексиевич Максим Александрович,,
1231,Павлюченко Дмитрий Иванович,,
1232,Жерносек Аннв Петровна,,
1233,Исаченко Екатерина Викторовна,,
1234,Крукович Елена Николаевна,,
1235,Лавкова Инна Евгеньевна,,
1236,Абрамович Вероника Светославовна,,375172728340
1237,Кежун Алена Владимировна,,
1238,Якубовский Эдуард Эдуардович,,
1239,Полулеха Кирилл Игоревич,,
1240,Борчук Анна Петровна,,
1241,Жукович Елена Геннадьевна,,
1242,Жданок Дмитрий Дмитриевич,,
1243,Лухверчик Елена Николаевна,,
1245,Мазовка Анжелика Михайловна,,
1246,Дубаневич Ольга Васильевна,,
1247,Якунчихин Александр Анатольевич,,375172724873
1248,Бондар Наталья Леонидовна,,
1249,Климович Дмитрий Николаевич,,
1250,Шумейко Мария Сергеевна,,
1251,Шатило Сергей Викторович,,
1252,Тарчилина Лариса Владимировна,,
1253,Волк Александр Александрович,,
1254,Лешкевич Мария Николаевна,,375172518139
1255,Драчева Наталья Ивановна,,
1256,Лищук Наталья Михайловна,,
1257,Чиж Юлия Ивановна,,
1258,Богомяков Николай Юрьевич,,
1259,Шумская Татьяна Ивановна,,
1260,Ерохина Мария Вячеславовна,,
1261,Вареник Наталья Семеновна,,
1262,Залуцкая Ирина Владимировна,,375291786458
1263,Кухар Анна Юрьевна,,
1264,Фомина Наталья Семеновна,,
1265,Полулех Татьяна Фёдоровна,,
1266,Лобасюк Павел Александрович,,
1267,Крепская Юлия Викторовна,,
1268,Мигурский Алексей Эдуардович,,375173089091
1269,Терещенко Владимир Васильевич,,
1270,Красовская Ольга Владимировна,,
1271,Лаппо Людмила Ивановна,,
1272,Лукашевич Дмитрий Геннадьевич,,
1273,Бушева Алена Войтеховна,,
1274,Буйновская Анна Игоревна,,375336272632
1275,Мисуна Светлана Эдуардовна,,
1276,Осипенко Елена Михайловна,,
1277,Корзубова Елена Григорьевна,,
1278,Близнюк Юлия Александровна,,375173089094
1279,Гузовская Алеся Сергеевна,,
1280,Комар Ольга Константиновна,,
1281,Коровина Наталья Владимировна,,
1282,Млечко Андрей Викторович,,
1283,Гришукевич Марина Иванвна,,
1284,Скуратович Алла Александровна,,375293490365
1285,Бричков Александр Владимирович,,
1286,Курко Инесса Игоревна,,
1287,Манкевич Ольга Ивановна,,
1288,Длужневский Александр Николаевич,,
1289,Мацкевич Эльмира Андреевна,,
1290,Карпинская Татьяна Аркадьевна,,
1291,Терешков Максим Сергеевич,,
1292,Густырь Юлия Чеславовна,,
1293,Шабуня Виктория Валерьевна,,
1294,Карсюк Дмитрий Сергеевич,,
1295,Лякса Елизавета Павловна,,
1296,Оковитая Татьяна Владимировна,,375173511873
1297,Ясенович Леонид Станиславович,,
1298,Петраш Александр Александрович,,375173518967
1299,Скопец Татьяна Николаевна,,375173516873
1300,Костян Иван Игнатьевич,,375293768662
1301,Полоневич Ольга Викторовна,,
1302,Свистунова Валентина Николаевна,,375336665747
1303,Кобец Юрий Викторович,,
1304,Кривая Валентина Дмитриевна,,
1305,Кругова Вера Борисовна,,
1306,Билибуха Игорь Иванович,,
1307,Кондратьев Сергей Вадимович,,
1308,Кулик Валентина Геннадьевна,,
1309,Козорезова Раиса Викторовна,,
1310,Лаевский Виталий Аркадьевич,,
1311,Колесникова Людмила Анатольевна,,
1312,Лазовикова Инесса Владимировна,,
1313,Ковшун Виктор Григорьевич,,
1314,Колесник Игорь Викторович,https://justbel.info/ActiveContent/articlesPdfs/747.pdff,
1315,Кривицкая Алла Александровна,,
1316,Ковшун Нэлла Ивановна,,
1317,Ковальчук Андрей Викторович,,
1318,Стефановский Игорь Эдуардович,,
1319,Каравай Елена Владимировна,,
1320,Малевич Денис Анатольевич,,
1321,Андреева Наталья Владимировна,,
1322,Анискевич Руслан Геннадьевич,,
1323,Самолюк Валерий Иосифович,,
1324,Букато Игорь Ростиславович,,
1325,Василевич Татьяна Валентиновна,,
1326,Гарновский Анатолий Адамович,,
1327,Царенко Александр Евгеньевич,,
1328,Филиппов Михаил Николаевич,,
1329,Трикоза Владислав Васильевич,,
1330,Стальчинский Александр Иванович,,
1331,Рутковский Игорь Иванович,,
1332,Подольский Василий Борисович,,
1333,Карпук Андрей Юрьевич,,
1334,Калинкович Валерий Леонидович,,
1335,Андрейчук Николай Николаевич,,
1336,Глуховская Галина Ивановна,,
1337,Григорович Алла Славомировна,,
1338,Гринцевич Николай Николаевич,,
1339,Чертович Виктор Петрович,,
1340,Гуров Сергей Викторович,,
1341,Давыдов Владимир Александрович,,
1342,Дубай Светлана Ивановна,,
1343,Ефремов Андрей Петрович,,
1344,Дворак Федор Константинович,,
1345,Голубович Евгений Леонидович,,
1346,Забара Андрей Александрович,,
1347,Латышевич Олег Даниилович,,
1348,Сукач Владимир Васильевич,,
1349,Листратенко Петр Алексеевич,,
1350,Послед Маргарита Чеславовна,,
1351,Протащик Татьяна Михайловна,,
1352,Турмович Степан Петрович,,
1353,Герменчук Николай Иванович,,
1354,Чижов Андрей Вячеславович,,
1355,Герасин Анатолий Александрович,,
1356,Бакиновская Леонида Иосифовна,,
1357,Райдудин Александр Тимофеевич,,
1358,Мадудин Николай Дмитриевич,,
1359,Кеник Ксения Ивановна,,
1360,Кашко Михаил Михайлович,,
1361,Юмагужин Руслан Хадыевич,,
1362,Тузов Юрий Алексеевич,,
1363,Минец Иван Николаевич,,
1364,Курило Виктор Александрович,,
1365,Скоморощенко Игорь Петрович,,
1366,Неверовский Александр Владимирович,,
1367,Бобков Николай Николаевич,,
1368,Филимонихина Лариса Яковлевна,,
1369,Алещенко Андрей Валерьевич,,
1370,Семуков Михаил Андреевич,,
1371,Баженова Валентина Викторовна,,
1372,Бодак Алла Николаевна,,
1373,Козырева Лилия Григорьевна,,
1374,Миклашевич Петр Петрович,,
1375,Сергеева Ольга Геннадьевна,,
1376,Данилюк Станислав Евгеньевич,,
1377,Маручек Сергей Михайлович,,375162574918
1378,Михнюк Оксана Николаевна,,
1379,Дулуб Елена Сигитасовна,,
1380,Лупинович Александр Станиславович,,
1381,Таперкина Светлана Васильевна,,
1382,Любовицкий Игорь Вячеславович,,
1383,Мартиросян Эдгар Вячеславович,,
1384,Миколенко Татьяна Александровна,,
1385,Мильто Игорь Геннадьевич,,
1386,Москаленко Леонид Дмитриевич,,
1387,Муренцова Елена Евгеньевна,,
1388,Пуцило Владимир Григорьевич,,
1389,Караткевич Екатерина Александровна,,
1390,Рыбаков Алексей Валерьевич,,
1392,Соколовская Анна Михайловна,,
1393,Сукало Валентин Олегович,,
1394,Сурма Наталья Михайловна,,
1395,Терех Анатолий Григорьевич,,
1396,Кострома Елена Александровна,,
1397,Тетюхин Алексей Львович,,
1398,Троско Елена Николаевна,,
1399,Тылец Ирина Владимировна,,
1400,Улога Дмитрий Анатольевич,,
1401,Филипчик Римма Ивановна,,
1402,Харитонюк Константин Николаевич,http://www.brsu.by/div/nashi-vypuskniki-nasha-gordost-22,
1403,Цисик Инна Викторовна,,
1404,Черевач Владимир Олегович,,
1405,Цалко Валерий Николаевич,,
1406,Чубковец Федор Иванович,,
1407,Шильченок Виктор Фёдорович,,
1408,Шкурдюк Жанна Борисовна,,
1409,Якутович Екатерина Геннадьевна,,
1410,Александров Дмитрий Петрович,,
1411,Бордюкова Алла Сергеевна,,
1412,Ващенко Людмила Степановна,,
1413,Сушко Максим Иванович,,
1414,Семенов Виталий Сергеевич,,
1415,Трапук Станислав Павлович,,
1416,Федорова Марина Аркадьевна,,
1417,Шейко Инна Валерьевна,,
1418,Болотов Алексей Викторович,,
1419,Горбатовский Юрий Александрович,,
1420,Герасимович Сергей Степанович,,
1421,Германович Сергей Михайлович,,
1422,Борисенок Анатолий Владимирович,,
1423,Бескишкий Артем Александрович,,
1424,Вайтехович Наталья Михайловна,,
1425,Навроцкий Евгений Игоревич,,
1426,Невмержицкий Иван Николаевич,,
1427,Мазуров Сергей Валерьевич,,
1428,Молчан Виктор Михайлович,,
1429,Колубако Петр Петрович,,
1430,Кораблина Наталья Вячеславовна,,
1431,Крашкина Наталья Евгеньевна,,
1432,Круподеров Николай Николаевич,,
1433,Кугейко Вячеслав Владимирович,,
1434,Кугейко Светлана Борисовна,,
1435,Ланцевич Светлана Николаевна,,
1436,Литвинова Елена Васильевна,,
1437,Паремский Ярослав Игоревич,,
1438,Сергейко Николай Александрович,,
1439,Сологубик Жанна Ивановна,,
1440,Демашкевич Анна Федоровна,,
1441,Заставнецкая Тамара Николаевна,,
1442,Немкова Елена Александровна,,
1443,Талашко Николай Станиславович,,
1444,Федорович Владимир Казимирович,,
1445,Хвойницкая Жанна Анатольевна,,
1446,Якимович Юрий Юрьевич,,
1447,Гаврилов Александр Юрьевич,,
1448,Розмысло Василий Анатольевич,,
1449,Каляда Олег Петрович,,
1450,Каплий Дмитрий Дмитриевич,,
1451,Клышпач Инна Петровна,,
1452,Яскович Виктор Константинович,,
1453,Бабаскин Александр Витальевич,,
1454,Рябый Валерий Александрович,,
1455,Мишуров Александр Сергеевич,,
1456,Шершнева Инна Яковлевна,,
1457,Домненко Марина Ивановна,,
1458,Плешевеня Наталья Борисовна,,
1459,Данильчик Сергей Владимирович,,
1460,Прихожко Галина Степановна,,
1461,Репиха Николай Викторович,,
1462,Раевская Инесса Валентиновна,,
1463,Янковский Геннадий Зигмунтович,,
1464,Савостьянчик Галина Васильевна,,
1465,Саттарова Елена Сергеевна,,
1466,Бугук Наталья Михайловна,,
1467,Малашенко Ольга Петровна,,
1468,Некрасова Елена Тимофеевна,,
1469,Гормаш Елена Станиславовна,,
1470,Черковский Анатолий Станиславович,,
1471,Остапенко Дмитрий Андреевич,,
1472,Козловский Александр Евгеньевич,,
1473,Гринкевич Иван Иосифович,,
1474,Циунчик Дмитрий Викторович,,
1475,Деревянко Наталия Васильевна,,
1476,Гришин Дмитрий Федорович,,
1477,Максимович Наталья Федоровна,,
1478,Чубковец Анна Ивановна,,
1479,Урбан Юрий Павлович,,
1480,Васюков Олег Дмитриевич,,
1481,Кмита Алексей Николаевич,,
1482,Степанов Владимир Юрьевич,,
1483,Есьман Валерий Александрович,,
1484,Панасенко Наталья Валерьевна,,
1485,Самосюк Лариса Геннадьевна,,
1486,Малюкова Валентина Владимировна,,
1487,Сарнавская Светлана Федоровна,,
1488,Козлова Анжелика Альбертовна,,
1489,Тарабуева Татьяна Валерьевна,,
1490,Лебедь Юрий Николаевич,,
1491,Липская Татьяна Владимировна,,
1492,Макуха Виктория Анатольевна,,
1493,Хорошко Олег Владимирович,,
1494,Соболев Игорь Владимирович,,
1495,Шведов Игорь Александрович,,
1496,Хрипач Сергей Фёдорович,,
1497,Деркач Нина Евгеньевна,,
1498,Кузьмич Александр Николаевич,https://naviny.online/rubrics/society/2015/10/19/ic_news_116_465282|http://s-pravo.by/o-nas/advokaty/kuzmich-alexander-nikolaevich/,
1499,Казак Виктор Владимирович,,
1500,Протас Елена Сергеевна,,
1501,Серакова,http://spring96.org/ru/news/96845,
1502,Гладкий Николай Николаевич,,
